"ave_f","ave_s","iq10r_f","iq10r_s","iq4r_f","iq4r_s","lower_whisker_10_f","lower_whisker_10_s","lower_whisker_4_f","lower_whisker_4_s","max_f","max_s","min_f","min_s","name","percentile2_f","percentile2_s","percentile91_f","percentile91_s","percentile98_f","percentile98_s","percentile9_f","percentile9_s","q1_of_10_f","q1_of_10_s","q1_of_4_f","q1_of_4_s","q2_of_10_f","q2_of_10_s","q2_of_4_f","q2_of_4_s","q3_of_10_f","q3_of_10_s","q3_of_4_f","q3_of_4_s","q4_of_10_f","q4_of_10_s","q5_of_10_f","q5_of_10_s","q6_of_10_f","q6_of_10_s","q7_of_10_f","q7_of_10_s","q8_of_10_f","q8_of_10_s","q9_of_10_f","q9_of_10_s","upper_whisker_10_f","upper_whisker_10_s","upper_whisker_4_f","upper_whisker_4_s"
0.0019443693801440326,0.002283512171328804,0.0004736766666666669,0.00021001117129629656,0.00033676510416666677,0.00010924553240740766,0.0015946534837962963,0.0018626941782407408,0.0015946534837962963,0.00204476525462963,0.0022814092939814814,0.013641839652777779,0.00047627520833333335,0.0012466668055555556,"aac-tactics",0.0015342610569212963,0.0020690287035185183,0.0021878721666990742,0.0023734145267962966,0.0022355203559027773,0.0024780463163425926,0.001703443987361111,0.0021491737728333332,0.0017120849652777778,0.00215643124537037,0.0017805528356481483,0.0022085994791666663,0.0017605786898148147,0.0021936889537037037,0.0020251191203703705,0.0022647432060185183,0.0018627127430555553,0.0022219590185185187,0.002117317939814815,0.002317845011574074,0.0019357553217592594,0.0022466733425925926,0.0020251191203703705,0.0022647432060185183,0.0020503109467592596,0.0022845148680555555,0.0020813522129629627,0.0023052839398148154,0.0021337047361111115,0.002329502488425926,0.0021857616319444447,0.0023664424166666667,0.0022814092939814814,0.002670243923611111,0.0022814092939814814,0.002480330219907407
0.004138175605158729,0.008984621789546008,0.0037011772534722223,0.003955903800925925,0.0006496849913194451,0.0024532794386574065,0.00022097921296296296,0.004051530902777778,0.0033811115740740743,0.004051530902777778,0.008136239618055556,0.09600369572916667,0.00022097921296296296,0.004051530902777778,"analysis",0.000956276646400463,0.006094261566232639,0.005518928228950231,0.010308026273508101,0.006743827169774305,0.010995123441672451,0.001725227567759259,0.006290453341423611,0.0017508031967592593,0.006311022725694445,0.004089906391782408,0.007450802407407408,0.0036637044629629634,0.00658056256712963,0.004328619241898148,0.009562976116898148,0.004192098892361111,0.009213849542824074,0.004739591383101853,0.009904081846064814,0.004320752236111111,0.009427880578703704,0.004328619241898148,0.009562976116898148,0.004533448027777777,0.00969473537962963,0.004653352534722222,0.009823964327546295,0.004861819289351852,0.010001976087962963,0.005451980450231482,0.01026692652662037,0.008136239618055556,0.015291559895833334,0.005605580729166667,0.012297934513888888
0.00213446726581289,0.0027993787721429845,0.0009135766620370373,0.0002336458831018514,0.00028733753472222215,0.0001060521788194442,0.001608602939814815,0.0023158614583333333,0.001608602939814815,0.0025638997222222223,0.005457698599537038,0.017744171284722225,3.142506944444445e-05,0.0010786643287037036,"argosy",0.0011066434583564817,0.0025986727796064816,0.0026616734374537037,0.002912878810232639,0.0028111633182638885,0.003059163799265044,0.001707982556361111,0.0026577828799166665,0.0017214990439814813,0.0026642374884259263,0.0019879973032407407,0.002715261846064815,0.0019358925949074072,0.00270230875,0.0020572803819444443,0.0027671232523148147,0.0020066950231481485,0.002725812891203704,0.002275334837962963,0.0028213140248842593,0.002025277395833333,0.0027460453541666664,0.0020572803819444443,0.0027671232523148147,0.002144357599537037,0.0027862487569444445,0.0022352458333333336,0.0028067917523148145,0.0023787345810185184,0.002837996247685185,0.0026350757060185186,0.0028978833715277777,0.002836149837962963,0.0032160879282407406,0.002702337951388889,0.0029801225462962964
0.0020749118491602075,0.0023578645453864277,0.0006590006342592589,0.00022565107060185238,0.0004510493344907409,0.0001228308535879629,0.0016138179050925927,0.001961729791666667,0.0016138179050925927,0.002096127361111111,0.005944679479166666,0.011495195300925925,0.00017179800925925926,0.0007791789351851852,"autosubst",0.000258740939537037,0.0021037596235532405,0.0023358855379953703,0.0024528823620254625,0.005476221201875001,0.00257236770329861,0.0016531029795023148,0.0022157612408796297,0.001659406900462963,0.002222010225694444,0.0017564775520833333,0.002279550208333333,0.0017390731782407406,0.0022644533101851853,0.002003249513888889,0.00234578457175926,0.0017676521874999997,0.0022974782060185186,0.002207526886574074,0.002402381061921296,0.0018126784814814813,0.0023231335532407408,0.002003249513888889,0.00234578457175926,0.002175961400462963,0.0023673390393518516,0.0021920093587962965,0.0023903250289351854,0.002212834701388889,0.002413409722222222,0.002318407534722222,0.0024476612962962964,0.002379047164351852,0.002775404398148148,0.002379047164351852,0.002586131469907407
0.0020068665559186635,0.0024262516091718093,0.000495083611111111,0.00021832045601851823,0.00027529855324074097,9.797839409722217e-05,0.0016014935879629629,0.0020161508217592596,0.0016014935879629629,0.0022018371875000002,0.004202908657407407,0.01799138875,3.192648148148148e-05,0.0008474266666666667,"bbv",0.0016055362936921295,0.0021887018660358797,0.002246526808969907,0.002517119073009259,0.0024331435280671287,0.0026525031851446753,0.001734144951215278,0.002282991057107639,0.0017348355787037038,0.0022897113842592597,0.0018725734664351852,0.0023484767505787037,0.001803315127314815,0.0023336693842592594,0.0020139680208333334,0.002399472546296296,0.0019364272569444441,0.0023591654421296297,0.002147872019675926,0.002446455144675926,0.0019880427777777777,0.0023808960023148154,0.0020139680208333334,0.002399472546296296,0.0020319764120370373,0.0024162043449074072,0.002117820474537037,0.002433822982638889,0.002170370277777778,0.0024611654074074077,0.002229919189814815,0.002508031840277778,0.002445466018518518,0.0028324140162037034,0.002445466018518518,0.002593106574074074
0.014377403847531535,0.05313312645748834,0.034931297681712964,0.02046123193749999,0.005484399383680557,0.01198649154513888,0.0003000274884259259,0.04035608875,0.0003000274884259259,0.04035608875,0.12607006302083332,0.09567102550925925,0.0003000274884259259,0.04035608875,"bedrock2",0.0016966436038946757,0.041939017600486114,0.03752072843099305,0.06487504672425462,0.1250315659293229,0.06808890752984954,0.001896156397510417,0.04316200658779861,0.0020947525127314815,0.04330471676851852,0.002362231383101852,0.04597101564236111,0.0022661747777777777,0.0449046224050926,0.003798739693287037,0.055355926712962966,0.0024942344074074074,0.04747840766435185,0.007846630766782409,0.05795750718749999,0.003149360620370371,0.049360901268518526,0.003798739693287037,0.055355926712962966,0.007035598712962962,0.05675049807638889,0.007319489134259258,0.057554062071759254,0.011817067516203707,0.05844706675,0.037026050194444445,0.06376594870601851,0.060582964814814816,0.07926439013888888,0.013881740266203703,0.07567475288194445
0.0023702134365354934,0.0023205119092525503,0.0003757660729166671,0.00023005760416666644,5.347584201388883e-05,0.0001209463310185184,0.0016306697800925927,0.0018651298495370372,0.0016657156712962962,0.0020717701736111113,0.009143206354166667,0.00864125939814815,0.0016306697800925927,0.0007423979513888888,"bigenough",0.0016389581333622687,0.002093858776319444,0.002247523688983798,0.0024302457653981482,0.007471761288761565,0.0025558390424884263,0.0016648640561400462,0.002186572104958333,0.0016698132916666665,0.002193849340277778,0.0017141109722222222,0.00225295328125,0.001708670300925926,0.0022360353240740735,0.0017418021238425926,0.002315142164351852,0.0017177879386574074,0.0022672337916666667,0.001767586814236111,0.0023738996122685185,0.0017253783449074076,0.0022911919861111113,0.0017418021238425926,0.002315142164351852,0.0017566861041666665,0.0023370773611111114,0.0017640106689814814,0.002360484622685185,0.0017720884560185187,0.002387821340277778,0.0020455793645833336,0.0024239069444444445,0.002075785358796296,0.0027636692361111114,0.0017737254166666667,0.0025544180208333335
0.0024159878049516905,0.0035127395226517005,0.001734189365740741,0.0003152320509259253,0.0011138870949074066,0.000149819918981481,0.001612709363425926,0.002905050370370371,0.001612709363425926,0.003197178726851852,0.0039621623611111115,0.00878360798611111,0.001612709363425926,0.002276399733796296,"bignums",0.0016430231267824075,0.0032780316947800927,0.003488185148550926,0.0037003807849861105,0.003728728048101852,0.0039153021460416595,0.0017251754378055555,0.0033546215114467585,0.001738878162037037,0.0033616683148148152,0.0018167333564814815,0.0034207556423611115,0.001794001011574074,0.003402850738425926,0.002174336608796296,0.0034887671875,0.0019928686666666664,0.003435839335648148,0.002930620451388888,0.0035705755613425925,0.0020945904930555555,0.0034619781921296296,0.002174336608796296,0.0034887671875,0.0022318539467592593,0.003515219055555556,0.0028062237407407414,0.003550246525462963,0.0031108014351851855,0.003591438733796296,0.003473067527777778,0.0036769003657407405,0.0039621623611111115,0.004140915798611111,0.0039621623611111115,0.003795013865740741
0.017547522470869752,0.03767945776396853,0.03204862539814815,0.013989573368055556,0.020741685416666666,0.001320627650462966,0.00133173130787037,0.024136330752314816,0.00133173130787037,0.03641000480324074,0.1250341496064815,0.06702213302083333,0.00133173130787037,0.024136330752314816,"category-theory",0.001591506915,0.025008980325925925,0.034907025640518514,0.040507086993287034,0.04668470076388856,0.05554257468790501,0.002158937263509259,0.025973697324043983,0.002193004898148148,0.026340054439814818,0.0024660436689814816,0.03786441038773147,0.0022930473842592593,0.037671971638888885,0.02158899601851852,0.038489884942129626,0.003731349773148148,0.03799842664351852,0.023207729085648148,0.03918503803819444,0.012777742217592591,0.0382619819537037,0.02158899601851852,0.038489884942129626,0.022565826275462966,0.03873504418287037,0.022900985162037035,0.03903019469675926,0.02406646590277778,0.03944679452314815,0.034241630296296295,0.040329627807870375,0.07673451084490741,0.06116065424768519,0.0430463829513889,0.04113854657407407
0.0076393913562885826,0.014017493512199932,0.012354751335648149,0.0020636898622685175,0.009880284056712962,0.0010333574884259268,0.00011499195601851851,0.010095168414351851,0.00011499195601851851,0.012013506921296296,0.01627434287037037,0.03436239054398148,0.00011499195601851851,0.0074491162615740745,"color",0.0017662966223668984,0.009447091472714119,0.014864291294399305,0.015300072909143519,0.015250474643535879,0.016659161772662037,0.002446779922758102,0.01309583081736111,0.002501699420138889,0.013151268896990741,0.004238694725115741,0.013558330969328703,0.003191862013888889,0.01343995620138889,0.005868517511574074,0.013991593611111113,0.004913809292824074,0.013642946877314816,0.014118978781828703,0.01459168845775463,0.005490210328703704,0.013814828583333334,0.005868517511574074,0.013991593611111113,0.006784587439814815,0.01419586055787037,0.009197726078703703,0.014443410099537035,0.014426809865740742,0.014773760469907407,0.014856450755787037,0.015214958759259259,0.01627434287037037,0.018300329409722222,0.01627434287037037,0.01613767474537037
0.006804599389730642,0.0113834491701402,0.004882298567129636,0.0011634589236111104,0.0020183278703703703,0.000495329444444444,0.0002634810763888889,0.009114743032407406,0.0002634810763888889,0.010338811990740741,0.12503299832175926,0.07825284130787037,0.0002634810763888889,0.00702022363425926,"compcert",0.0007091543433564815,0.009896096269583335,0.007485396892064814,0.012055787563962962,0.05512161003946755,0.013047238861967589,0.0018075627953240744,0.010812653602069445,0.0018522220578703705,0.010825746689814814,0.0024436153935185182,0.011025639560185185,0.002424956405092593,0.01097031850925926,0.003028628819444445,0.01125666273148148,0.0025106521990740744,0.011071235476851852,0.0044619432638888885,0.011520969004629629,0.0029544810185185184,0.011163783189814813,0.003028628819444445,0.01125666273148148,0.003091982895833334,0.011338126314814814,0.0036178239444444454,0.011459617706018516,0.005571787895833334,0.011623589976851853,0.0067345206250000065,0.011989205613425924,0.009621621851851852,0.013725029699074074,0.007418277118055555,0.012258492013888888
0.002107746488683128,0.0022202127673479717,0.0004451728587962962,0.00020013216435185157,0.0002046884288194441,9.937165509259259e-05,0.0016005825925925928,0.0019038353125,0.001688558877314815,0.0019941572222222223,0.01026498445601852,0.03056595702546296,2.7993437499999998e-05,0.0011765177430555556,"coq-dpdgraph",0.0016809489286863427,0.0019851271225115735,0.002224884849582176,0.0022960165606365737,0.0022896719844675926,0.0023977593839120365,0.0017608221962488425,0.0020831143064467595,0.001776981990740741,0.0020884773726851853,0.0019631555931712962,0.002142658090277778,0.0019538240555555557,0.0021280890393518517,0.002034633755787037,0.002196148148148148,0.001984556350694444,0.002153949641203704,0.0021678440219907403,0.0022420297453703704,0.0020246585555555555,0.0021765382175925924,0.002034633755787037,0.002196148148148148,0.002091706888888889,0.002214051064814815,0.002137231478009259,0.0022326659837962966,0.0021859069050925925,0.002254681539351852,0.002222154849537037,0.002288609537037037,0.0022967250925925923,0.0025886128703703705,0.0022967250925925923,0.002390735949074074
0.026441264029176844,0.013998831913469503,0.1232760273263889,0.0016391169236111072,0.010953774427083333,0.0009063407031250012,5.7570173611111116e-05,0.010824815937500001,5.7570173611111116e-05,0.012123109895833333,0.12641966873842592,0.08419316143518518,5.7570173611111116e-05,0.008389115729166667,"coq-performance-tests",0.0015410881733796298,0.012906920678912037,0.12518298166364583,0.01495108005317824,0.1264151889464699,0.016037379581712963,0.0017556485702199074,0.013194490536160883,0.001774125752314815,0.013223758857638893,0.002190181875,0.013435053391203704,0.002136580740740741,0.013376592932870371,0.01017570747685185,0.013778922552083333,0.0023611860763888886,0.013496124863425924,0.013143956302083332,0.014341394094328705,0.0033436302314814813,0.01362431407175926,0.01017570747685185,0.013778922552083333,0.010734303784722224,0.014012831192129628,0.012423179733796296,0.014240446848379629,0.014695692708333333,0.014458708122685186,0.1250501530787037,0.01486287578125,0.12641966873842592,0.017193251782407406,0.02001796741898148,0.015700481990740738
0.04961405210704151,0.01005566870119583,0.12328332776851851,0.00073814346064815,0.12234383786747685,0.00029286943865740843,1.2498206018518517e-05,0.008624065092592594,1.2498206018518517e-05,0.009406657083333334,0.1250640178472222,0.02665257592592593,1.2498206018518517e-05,0.0051166398032407405,"coq-tools",0.0016074409836747685,0.009551546815104166,0.12503264163491087,0.010512677469097221,0.12504203250347803,0.011100533643344908,0.0017357120476909722,0.009712057817581018,0.0017489776203703702,0.009726416417824074,0.0026856980844907406,0.009843135902777777,0.0018498990648148149,0.009815155717592594,0.0095446196875,0.009979583310185185,0.00306968450925926,0.009873995561342592,0.12502953595196759,0.010136005341435186,0.006709728069444444,0.009930407395833334,0.0095446196875,0.009979583310185185,0.010218286601851853,0.010032342048611111,0.12502876172222224,0.010093712089120372,0.1250300586736111,0.010199620185185184,0.12503230538888888,0.010464559878472224,0.1250640178472222,0.011548080069444444,0.1250640178472222,0.010571505289351852
0.0022151678979700864,0.0025455569598319835,0.0007650789733796295,0.00024160377314814832,0.00037417695312499987,0.0001255771585648149,0.0016827707986111114,0.002060814201388889,0.0016827707986111114,0.0022800982870370373,0.0030390723032407405,0.010708788819444447,0.0016827707986111114,0.0015887010648148146,"coqhammer",0.0016924204281597223,0.00227179788125,0.0025434473155,0.0026592159051041665,0.002822979899728008,0.0028189734843750004,0.001743461557563657,0.002397573267858796,0.0017510148807870372,0.002408464733796296,0.0020099728993055554,0.002466487997685185,0.0018139946041666665,0.0024505992592592594,0.002303743877314815,0.002530726516203704,0.002164249233796296,0.0024815599074074074,0.0023841498524305553,0.00259206515625,0.0022139771064814814,0.0025069622916666667,0.002303743877314815,0.002530726516203704,0.0023399272361111115,0.0025554430555555555,0.0023777473425925927,0.0025794069097222223,0.002393833990740741,0.0026072081597222226,0.0025160938541666667,0.0026500685069444445,0.0030390723032407405,0.0030029062731481483,0.0027431122916666668,0.00277958005787037
0.002744460243377059,0.004453945123417211,0.002132754010416666,0.002768805256944445,0.0007773778964120367,0.0004706774768518519,0.00022407180555555556,0.0021699892824074076,0.001749259178240741,0.0031198143981481484,0.0061782346875,0.0340312634375,0.00022407180555555556,0.0021699892824074076,"coqprime",0.0006154806219328704,0.003572927628611111,0.004611170029895831,0.0064727487623981485,0.006103849383159723,0.0069868882254166655,0.0018096390552835649,0.003670154412888889,0.0019053501331018521,0.003678735465277778,0.0022771323668981484,0.003764140925925926,0.0022433911921296294,0.0037403532870370374,0.0024267905092592596,0.00387837912037037,0.002303881116898148,0.003784386861111111,0.003054510263310185,0.004234818402777778,0.0023793568171296296,0.0038278514953703708,0.0024267905092592596,0.00387837912037037,0.0024636960300925925,0.003978830875,0.0028081598321759256,0.0041310554375000004,0.0031474489583333334,0.00617274430787037,0.004038104143518518,0.006447540722222223,0.0061782346875,0.009303347372685185,0.003313621354166666,0.004879864108796296
0.0019354121211013647,0.002175402342905927,0.000448892435185185,0.00020104897453703712,0.0002759174189814822,9.79508622685186e-05,0.0016518347800925925,0.0018437576041666667,0.0016518347800925925,0.001965526574074074,0.0038356872106481477,0.011430968356481483,3.3373194444444446e-05,0.0013060397916666666,"coqtail",0.0004222368493518518,0.001973805338020833,0.0021878362046666667,0.002266465268550926,0.0026643745551388873,0.0023745948048958334,0.0016939678222314817,0.0020532667382986117,0.0017090619537037037,0.0020593611226851854,0.0017995231944444442,0.002112388640046296,0.0017570843981481485,0.00209635705787037,0.0019840439467592595,0.002162616875,0.0018777549814814813,0.0021249687893518518,0.0020754406134259264,0.0022103395023148147,0.0019201620949074075,0.0021439000995370373,0.0019840439467592595,0.002162616875,0.002007638675925926,0.002181302699074074,0.002051807951388889,0.0021998775347222225,0.002098768324074074,0.00222322524537037,0.0021579543888888887,0.0022604100972222225,0.002708501736111111,0.0025529333912037034,0.002237390451388889,0.0023567357291666667
0.002402205499338624,0.0037811486393942717,0.0031409263379629637,0.0004200366319444442,0.0015421464409722222,0.00019634287037037079,9.453136574074073e-05,0.003024306493055555,9.453136574074073e-05,0.0033688475578703705,0.0039052265740740747,0.00885944193287037,9.453136574074073e-05,0.001969926145833333,"coquelicot",0.0001541917699884259,0.0032915730620254632,0.0037895769210347222,0.004007085996631945,0.0039019571173495374,0.004318488166226851,0.0004538085956967592,0.0035646874729027772,0.0006025748333333333,0.0035752101087962963,0.001734290954861111,0.0036625881249999995,0.0016869621064814816,0.0036425410902777774,0.0027049429861111113,0.003756740300925926,0.0017480823055555559,0.0036820345023148154,0.0032764373958333332,0.0038589309953703703,0.0022795490671296296,0.0037176260671296295,0.0027049429861111113,0.003756740300925926,0.002772259127314815,0.0037930680810185184,0.003000425511574074,0.0038335533009259256,0.0034334666643518518,0.003884773280092592,0.003743501171296297,0.0039952467407407405,0.0039052265740740747,0.004602013263888889,0.0039052265740740747,0.0041498366435185185
0.011039156105200943,0.020482830674108218,0.019353549023148144,0.00223732228703704,0.009497707089120372,0.0009639695023148133,0.0004576962731481482,0.017387588240740742,0.0004576962731481482,0.018583079317129627,0.12503262222222222,0.03922209755787037,0.0004576962731481482,0.011966515567129627,"corn",0.0017026526896874994,0.01362465654621528,0.02252157518445369,0.02199285504097222,0.03514731584218711,0.023852946253402778,0.0019657485907129627,0.01956867137100463,0.002007506988425926,0.019607974039351852,0.00275908396412037,0.020023005619212962,0.0024960676296296295,0.019918317296296298,0.006153088611111111,0.02048182834490741,0.0028348287939814814,0.020126865733796295,0.012256791053240741,0.020986975121527775,0.005519479662037037,0.020316355009259258,0.006153088611111111,0.02048182834490741,0.008413266861111112,0.020679587842592592,0.011772103842592595,0.020884473909722222,0.013392900622685182,0.0211484961875,0.02136105601157407,0.021845296326388892,0.034147580381944445,0.0251067637037037,0.023042116111111108,0.022428694039351854
0.03271776103634885,0.01174987549604585,0.12396089282407408,0.0009842446666666668,0.009520156730324077,0.00039224068287037166,0.0001060721412037037,0.010236408229166665,0.0001060721412037037,0.010867071851851852,0.16831119224537036,0.027193641423611113,0.0001060721412037037,0.0019881378125,"cross-crypto",0.001469054749537037,0.011075870339739582,0.1257227747760648,0.012348749664188658,0.12589285421059027,0.013150971422118057,0.0017535734859259258,0.011295899668391203,0.0017587194907407405,0.011305487380787037,0.0020735144733796296,0.011437295778356482,0.001988577627314815,0.011401305532407407,0.0023730141550925925,0.011591002991898148,0.002120919247685185,0.011467334055555554,0.011593671203703707,0.011829536461226853,0.002221430555555556,0.011533034930555557,0.0023730141550925925,0.011591002991898148,0.0028723969444444442,0.011665671224537037,0.010933736701388889,0.011763928392361109,0.12561450741898147,0.011951764201388888,0.12571961231481482,0.012289732047453704,0.16831119224537036,0.013701137800925925,0.019420424699074075,0.012417224756944444
0.002746908446318342,0.0031899305140409805,0.0014258984050925924,0.0002999087083333323,0.0009664502372685184,0.00015089548900462917,0.00011933309027777777,0.002599912673611111,0.001701387962962963,0.0028752015277777776,0.010428840081018518,0.010088143888888889,0.00011933309027777777,0.002301302511574074,"deriving",0.00024368617284722225,0.0029156430425462962,0.0037833052551747726,0.003339718091586806,0.0063415851030381816,0.003484875451481482,0.0017319225412037037,0.003022112799289352,0.0017362263067129632,0.0030294416307870375,0.0017879360011574075,0.0030986537557870374,0.0017746736643518518,0.0030807484490740734,0.0026395516030092592,0.0031769275636574076,0.0024537570578703704,0.003116905831018518,0.002754386238425926,0.0032495492447916666,0.0025940783842592595,0.003147473324074074,0.0026395516030092592,0.0031769275636574076,0.002691718900462963,0.003204668854166667,0.002741830988425926,0.003234574414351852,0.0028445171550925924,0.0032712319745370373,0.0031621247118055556,0.00332935033912037,0.004863830011574074,0.0037487753935185187,0.003166759560185185,0.0034755644560185185
0.009524358873369113,0.006679634523939698,0.00425283309837963,0.0007835961666666658,0.00270626376736111,0.00034619109953703577,0.00014737077546296296,0.005284713009259259,0.00014737077546296296,0.0060466278125,1.0000203594444443,0.06049467975694445,0.00014737077546296296,0.0025532315393518522,"elpi",0.0017723465099305558,0.006168438346990741,0.006343743168665509,0.007167508106490741,0.04864153502222403,0.007562098019907398,0.002038090105114583,0.006317155192796296,0.0020451410659722224,0.0063320763125000006,0.0021296581655092595,0.006454784212962964,0.0021068476435185187,0.006423054902777779,0.0022689346180555553,0.006604253275462963,0.0021485035740740743,0.006481986699074074,0.0048359219328703695,0.0068009753125,0.0021859112939814815,0.006540217650462963,0.0022689346180555553,0.006604253275462963,0.0035344800092592605,0.006670586277777777,0.004739457636574074,0.006751800942129629,0.005488157238425925,0.006865380358796296,0.006297974164351853,0.007115672479166666,0.008317989131944445,0.008231253159722224,0.008317989131944445,0.00731952037037037
0.008347233455981182,0.008857992319989691,0.005131621726851852,0.0013073747569444447,0.004208641519097223,0.0006489489178240736,1.2045289351851851e-05,0.006297198969907407,1.2045289351851851e-05,0.0075330767824074085,0.12504135994212964,0.016070078263888888,1.2045289351851851e-05,0.0023685173495370374,"engine-bench",0.001614302277025463,0.007941608715277777,0.006919643372497685,0.009619817254050925,0.09205131514622082,0.010456950545428242,0.0017397512078877312,0.008204797633391204,0.001750162685185185,0.008233293993055555,0.0020322379195601855,0.008483355740740741,0.0018817473634259257,0.008419970821759258,0.0057662217534722214,0.00881694974537037,0.002073079105324074,0.008551332256944445,0.006240879438657408,0.009132304658564815,0.0021499240787037034,0.00868976982638889,0.0057662217534722214,0.00881694974537037,0.005957507074074074,0.008929627083333334,0.006114088593750001,0.009060288009259258,0.0063435486064814806,0.009208592418981481,0.0068817844120370375,0.00954066875,0.009723226331018518,0.011341022881944446,0.009723226331018518,0.010105548587962964
0.0024284154484751352,0.004909273779894655,0.0020380571388888885,0.0005407247905092599,0.0002551217476851851,0.00028075357349537,1.2481412037037037e-05,0.0039169196412037035,0.001654874861111111,0.004328117835648148,0.007457684733796297,0.017842213807870367,1.2481412037037037e-05,0.0028363025,"equations",0.0016434937076967595,0.0045177632137210644,0.003966357830634259,0.0052139715222013884,0.004855147531863426,0.005522195694542822,0.0018800537404282409,0.004632297640297454,0.0018993278749999999,0.004641796768518518,0.0020288727893518514,0.0047448518258101854,0.0019970847245370372,0.00471536525,0.0021465157175925924,0.004883507505787037,0.0020437266944444447,0.004770586305555556,0.0022839945370370365,0.0050256053993055555,0.002103810238425926,0.00483028462037037,0.0021465157175925924,0.004883507505787037,0.0021810957152777776,0.004938860550925925,0.002259520502314815,0.004998899804398147,0.0023674403564814812,0.005064052472222221,0.003937385013888888,0.005182521559027778,0.004970266435185185,0.005949267002314815,0.0024413438194444445,0.005439270648148148
0.002494115941061253,0.003678783320727692,0.0031617379027777774,0.0004255965266203713,0.001287567528935185,0.00022394102141203714,0.00012224997685185185,0.0028030053819444443,0.00012224997685185185,0.0032145073958333333,0.004990330763888889,0.009759050092592593,0.00012224997685185185,0.002040172164351852,"fcsl-pcm",0.00022255152552083334,0.0032877528043518513,0.0040461286008842585,0.0038789267218298615,0.004520340393611111,0.004169432334155092,0.0008572664394189814,0.0034302802282685186,0.0008787940555555554,0.0034405970567129626,0.001760312355324074,0.003543629710648148,0.0017372836157407408,0.0035164519837962965,0.0026432381250000004,0.003669340804398148,0.0018093789629629632,0.0035726462384259258,0.003047879884259259,0.003767570732060185,0.0026214560185185186,0.003625834155092593,0.0026432381250000004,0.003669340804398148,0.0027097153148148145,0.003705439618055556,0.0028200294699074076,0.003745762673611112,0.003265792631944444,0.00379390849537037,0.004040531958333333,0.003866193583333334,0.004990330763888889,0.004370171111111111,0.004415067152777777,0.004103390266203703
0.06443891495567378,0.10153057627912968,0.12211315306944445,0.026893183343749988,0.12024692936342593,0.019746159707754618,0.00011483791666666667,0.05117154106481481,0.00011483791666666667,0.06409445127314815,0.2704599876967593,0.12486186770833335,0.00011483791666666667,0.04009253449074074,"fiat-crypto",0.0016781642914293982,0.0699697907657639,0.1251980166457257,0.11802930302369213,0.12641385173760417,0.12097039939399884,0.0030400217812453704,0.09050693218768172,0.0030730641435185186,0.09090799378125002,0.004895706970486111,0.09347944105324076,0.004408871425925926,0.09280347450925927,0.05458365854166666,0.09979635870949075,0.005491542215277778,0.09420153025231483,0.12514263633391204,0.11322560076099537,0.033660172277777775,0.09589030884027779,0.05458365854166666,0.09979635870949075,0.06514528279398149,0.10349270179166667,0.12512277732407406,0.11093832078356482,0.1251526780625,0.11494984256481483,0.12518621721296297,0.117801177125,0.2704599876967593,0.12486186770833335,0.2704599876967593,0.12486186770833335
0.008597472964199887,0.04689123261306351,0.010612524895833335,0.005746947407407402,0.002266821510416667,0.00265797854456018,0.00012342060185185184,0.03807102123842593,0.00012342060185185184,0.041384700300925926,0.12640935940972223,0.09916883688657407,0.00012342060185185184,0.004574812164351852,"fiat-crypto-legacy",0.0016800384813657407,0.043897427858651625,0.012665117030381944,0.05057619011539352,0.12503991189253472,0.0535026372536169,0.0017850913330439814,0.044519990903703704,0.0017979499189814815,0.04458481401041667,0.0033557396006944447,0.045240982991898146,0.0033060148958333328,0.04505908962962963,0.003801980648148148,0.0461383765625,0.003399399490740741,0.045419217592592584,0.0056225611111111115,0.047898961536458326,0.0035144701736111107,0.0457589353587963,0.003801980648148148,0.0461383765625,0.004172493506944445,0.04662995483796297,0.005206914756944444,0.047393462395833336,0.0062346944328703705,0.048534185983796295,0.012410474814814816,0.05033176141782407,0.022930151111111116,0.05880967783564816,0.007985966226851852,0.05187627035879629
0.01729998895198445,0.0247217936680265,0.025823621452546297,0.012047712096064818,0.023705530714699077,0.003109968695023148,0.00011451126157407406,0.012591137430555554,0.00011451126157407406,0.018130491111111112,0.22066522321759263,0.061087075335648146,0.00011451126157407406,0.012591137430555554,"fiat-crypto-ocaml",0.00031106330714699077,0.013508452669918982,0.02793473146094329,0.033746894803320604,0.05198039320541089,0.035199725348379625,0.0016877488684780093,0.02153796154963426,0.0017030364699074075,0.02161127349537037,0.0017963087181712962,0.022275303411458332,0.0017702428587962964,0.022077312523148145,0.0199521396875,0.023289323506944445,0.001867508732638889,0.022485094418981482,0.025501839432870373,0.02538527210648148,0.012938784374999998,0.022845808090277777,0.0199521396875,0.023289323506944445,0.024980721574074074,0.023877709636574075,0.025352903229166668,0.024801281045138887,0.025994020775462964,0.026581520851851857,0.027526657922453703,0.03365898559143519,0.06064881993055555,0.038509354710648154,0.06064881993055555,0.029595684537037037
0.004083411944988194,0.012037733751997206,0.004733051849537035,0.001597548266203704,0.0008826000231481478,0.0005929610040509257,3.1808912037037034e-06,0.009533835509259259,0.0016279541087962964,0.010963974351851853,0.12643095559027775,0.09876806152777778,3.1808912037037034e-06,0.002022957314814815,"fiat-parsers",0.0016764884065972219,0.002247992022835648,0.006966740583060184,0.01327781160782176,0.011372911063287035,0.014356615206319444,0.0019662541191759263,0.011575150622747686,0.0019876374189814815,0.011606042181712963,0.0021174797800925928,0.011817736481481482,0.002097229849537037,0.011759854384259262,0.0022886944212962964,0.012072255040509258,0.002142954002314815,0.011866699094907406,0.0030000798032407405,0.012410697485532408,0.0022169108101851853,0.011973845708333333,0.0022886944212962964,0.012072255040509258,0.002371490972222222,0.01218711838888889,0.0026491863194444444,0.012332596488425926,0.004263975659722224,0.012530907525462962,0.006720689268518516,0.013203590447916667,0.011564932928240741,0.015238414606481484,0.004184702835648148,0.013298907175925925
0.002130980315072016,0.0026183526467521523,0.0022187479317129634,0.0003004062499999999,0.0006593387586805556,0.00017049535300925952,0.00022904608796296295,0.0020388151504629626,0.0016649949189814816,0.002265668148148148,0.00953948810185185,0.009810069039351851,0.00022904608796296295,0.0010999034837962964,"finmap",0.00024365430651041665,0.00233397869056713,0.0026206410119074077,0.00276073134099537,0.007018828126487262,0.0029075305096643526,0.0003592864541284722,0.002441143534548611,0.00039342972337962957,0.0024503542824074074,0.0016803835156249999,0.0025189277141203703,0.0016709636828703704,0.0025010972569444448,0.001770711626157407,0.002610889814814815,0.0016898226435185185,0.0025341319560185185,0.0023397222743055555,0.00268942306712963,0.0017645167199074074,0.0025722512384259255,0.001770711626157407,0.002610889814814815,0.0017861584814814818,0.0026414109837962964,0.0019715112256944445,0.0026707005671296295,0.002479991685185185,0.002705112071759259,0.002612177655092593,0.0027507605324074073,0.0026430175810185186,0.003190109456018518,0.0026430175810185186,0.002945142210648148
0.002237523109912368,0.004334112109682922,0.0014448885937500002,0.00045768457175925873,0.0005853440104166667,0.00020616142939814883,0.0002449125925925926,0.0034738584143518517,0.0016260730555555556,0.003888850752314815,0.004089139421296296,0.01851307777777778,0.0002449125925925926,0.0028334006481481482,"flocq",0.0016401168128761573,0.003953288920196759,0.003195606457141204,0.004577075305879629,0.003943537753761574,0.004878199691030091,0.0017197801457118056,0.004085004463541667,0.0017216165972222222,0.004095872326388889,0.001761148466435185,0.004193347974537036,0.0017497623958333335,0.004168949571759259,0.0021886438599537034,0.004290371400462963,0.0017735823726851853,0.004213827256944444,0.0023464924768518518,0.004399509403935185,0.0020682728703703703,0.004252684340277777,0.0021886438599537034,0.004290371400462963,0.002252122800925926,0.004330661087962964,0.0023127805729166668,0.004370336087962963,0.0024770324189814816,0.004428261875,0.0031665051909722224,0.004553556898148148,0.004089139421296296,0.005189702847222222,0.003200161215277778,0.004706574178240741
0.0021391611906828706,0.004325432268115501,0.0007414966446759263,0.00046893464583333284,0.00017346124131944378,0.000218183171296296,0.0016050207754629631,0.0036415020486111117,0.0019460725347222223,0.0038401531597222222,0.003176635289351852,0.018458240925925927,0.0002622586226851852,0.0036415020486111117,"flocq3",0.0009262545072337963,0.003993791513796296,0.0024257706223912035,0.004584522606289353,0.002975146056076388,0.004879367587465277,0.0016446221326724536,0.004082617898418982,0.00165557471875,0.004095596953703704,0.0021248188165509264,0.004166139178240741,0.0020529502569444445,0.004149303773148148,0.00223022359375,0.00426352912037037,0.0021622270648148146,0.004191842847222222,0.00229828005787037,0.004384322349537037,0.0022078855,0.004229461895833333,0.00223022359375,0.00426352912037037,0.0022686089212962963,0.004301097712962963,0.002296371378472222,0.004352340692129629,0.0023003294328703705,0.004426198331018518,0.0023970713634259263,0.0045645315995370365,0.003176635289351852,0.005101937546296296,0.0024301986342592594,0.004704618935185185
0.0011454640717592595,0.03414903936204238,0.0016472995231481484,0.002232995060185178,0.0014612766030092593,0.0009537739467592593,8.880792824074073e-05,0.02982274762731481,8.880792824074073e-05,0.03214965143518519,0.0019622126041666664,0.04149671460648148,8.880792824074073e-05,0.018828684074074075,"fourcolor",9.412384604166668e-05,0.03258923994463542,0.0018119499538449076,0.03555290789433217,0.0019207910883796292,0.03760460878657986,0.00013663665667361112,0.03307434160779398,0.00015637428009259257,0.03314630724652778,0.0002752105324074074,0.03354083807581018,0.00023159399537037035,0.03344852964583333,0.0016674031712962962,0.033955688125,0.0003440697638888889,0.03363500339930556,0.0017364871354166667,0.03449461202256944,0.0011704198611111106,0.033796023224537036,0.0016674031712962962,0.033955688125,0.0017027384560185184,0.034134523020833335,0.0017290002060185187,0.034345596986111115,0.0017449311249999998,0.03468200033796296,0.0018036738032407408,0.035379302306712955,0.0019622126041666664,0.03864349673611111,0.0019622126041666664,0.03591918533564815
0.003528139300285217,0.0038225166950819527,0.00040757851388888893,0.0003367215324074071,0.00022417044560185196,0.00016476797453703713,0.003298292858796296,0.0033336675462962966,0.003298292858796296,0.003477835717592593,0.004101011585648148,0.017604378113425925,0.00029403837962962965,0.0019413994791666665,"gappa",0.001806581668587963,0.0035178622082870366,0.0038225066899375,0.003998926637810185,0.003931697750260416,0.004213254814189814,0.0034063529016655093,0.003645662033481481,0.0034123093460648145,0.003650881006944444,0.0034953229861111115,0.003714185219907407,0.0034613372916666666,0.0036962961111111116,0.0036024821064814814,0.003791907037037037,0.0035210220451388887,0.0037346002476851855,0.0037194934317129635,0.003878953194444444,0.003565636224537037,0.003765135761574074,0.0036024821064814814,0.003791907037037037,0.0036462971111111114,0.003821464451388889,0.0036927971736111114,0.003858972652777778,0.003747245136574074,0.0039013265949074077,0.0038198878599537034,0.003987602539351851,0.004101011585648148,0.00448018824074074,0.004005440960648149,0.00412420042824074
0.006038735117766203,0.02116893473367167,0.011309965209490742,0.002276127458333336,0.00946099537037037,0.0008596059953703723,0.00010218253472222221,0.016844689212962963,0.00010218253472222221,0.0193921109837963,0.014729547187499999,0.045156546481481485,0.00010218253472222221,0.014774108854166667,"geocoq",0.0002506094278298611,0.019699236790601853,0.013098981473931712,0.022700605068851847,0.01420242165864583,0.024684400107731482,0.0016780770732986111,0.02015830307109722,0.0016933679861111113,0.020205180537037036,0.001801451657986111,0.020538778078703704,0.0017629051319444442,0.020456009391203706,0.0030670002083333335,0.020929311770833334,0.0018617779456018518,0.020618879090277778,0.01126244702835648,0.021398384074074076,0.0028288727986111113,0.020781656761574074,0.0030670002083333335,0.020929311770833334,0.005965961766203704,0.021087110064814812,0.0109149729375,0.021281510208333333,0.011741926875000001,0.021579966032407406,0.013003333195601853,0.022481307995370372,0.014729547187499999,0.02584177854166667,0.014729547187499999,0.022686701412037037
0.004204455822080762,0.00804730737955795,0.00351548915046296,0.0009589326111111122,0.0016060071064814812,0.0004705709953703712,3.221157407407407e-05,0.006045208958333333,3.221157407407407e-05,0.006923436157407407,0.1250343941087963,0.07117499331018519,3.221157407407407e-05,0.004659319236111111,"hott",0.001648761497216435,0.007243017890648148,0.005962370580243055,0.008448446635722223,0.008091750635214116,0.009096354718101851,0.0017509019739768519,0.00743486267362963,0.001760121590277778,0.007448078280092592,0.002076810451388889,0.007603939409722222,0.0020418395393518515,0.007563093898148148,0.0022931106597222223,0.007803300462962962,0.002105298052083333,0.007647065303240741,0.0036828175578703702,0.008074510405092593,0.0021814587245370374,0.0077247985,0.0022931106597222223,0.007803300462962962,0.002728420592592593,0.007889140011574074,0.0030091008321759265,0.008004716680555555,0.0039033008148148143,0.008158728046296297,0.005275610740740738,0.008407010891203704,0.008171150925925926,0.00978610037037037,0.005994782650462962,0.008774794502314815
0.0069881007091108305,0.02683104107262435,0.01207335414351852,0.003250602476851855,0.0040789388599537044,0.001494374386574071,0.0002215155439814815,0.020797403125,0.0002215155439814815,0.02399810922453703,0.12503919038194444,0.06048704608796296,0.0002215155439814815,0.01583964122685185,"iris",0.002138813062847222,0.019154791232407407,0.01486695041609953,0.02887802417916667,0.024928507753067118,0.031485936590740726,0.0022569706892476855,0.02534553957148148,0.0022668966666666668,0.025430312627314818,0.00246115244212963,0.026079454456018517,0.002370776851851852,0.025919352187499998,0.0030196483449074075,0.026825909074074072,0.0024995643171296295,0.026237719965277777,0.0065400913020833345,0.027573828842592588,0.002627592118055555,0.02653695684027778,0.0030196483449074075,0.026825909074074072,0.004118649594907407,0.02708980721064815,0.004756738854166667,0.027372523541666666,0.008348638715277778,0.027811649849537035,0.014340250810185187,0.028680915104166673,0.03049929591435185,0.03348369861111111,0.010662377314814816,0.02978608997685185
0.0026934531041666668,0.003843133231210396,0.0021025866377314814,0.00047494104166666707,0.0017230153530092595,0.00018198562499999963,1.3259837962962965e-05,0.002909619965277778,1.3259837962962965e-05,0.003427567557870371,0.004201217164351852,0.027515833287037036,1.3259837962962965e-05,0.002899290717592593,"itauto",0.001596806418113426,0.0035295551641203703,0.00385947343518287,0.004109791901273148,0.0039838145446701384,0.0043362923496527775,0.0017482412871215277,0.0036121926558101854,0.0017483702534722221,0.003619463645833333,0.0019767207349537038,0.003698787476851852,0.0019175977175925926,0.003675788680555555,0.0021300772222222226,0.0037945846527777777,0.0020004498576388892,0.003719801354166666,0.003699736087962963,0.0038807731018518517,0.0020210000092592594,0.0037597760416666665,0.0021300772222222226,0.0037945846527777777,0.0032717024652777786,0.0038263406134259256,0.003521043318287037,0.003857707164351852,0.0037644329351851843,0.0039170309953703705,0.0038509568912037037,0.0040944046875,0.004201217164351852,0.004719930891203704,0.004201217164351852,0.004153506203703704
0.006716621824127905,0.011623024332946647,0.004482383618055553,0.0014091175925925944,0.0005693603009259258,0.0006548146412037031,8.710776620370372e-05,0.009673171261574074,0.0026660573726851847,0.00986945476851852,0.12504240885416665,0.1150197016898148,8.710776620370372e-05,0.009673171261574074,"jasmin",0.00025099948613425927,0.010251170900729167,0.008079112027958333,0.012102331026692127,0.021566636900416818,0.01327768154070602,0.002762706360726852,0.010511363938527777,0.0028054272129629633,0.010535458078703703,0.003125791053240741,0.010786467916666667,0.0030355350439814814,0.010705417925925925,0.003488863958333333,0.011115912719907408,0.0033206307129629627,0.010861128817129629,0.0036951513541666667,0.01144128255787037,0.0034654593865740737,0.010987762597222223,0.003488863958333333,0.011115912719907408,0.0035345357152777777,0.011225089560185187,0.0036223475208333328,0.011355343287037037,0.003759586155092593,0.01155330349074074,0.007287810831018517,0.011944575671296297,0.010451299270833334,0.013856368761574074,0.003765516678240741,0.012420731724537037
0.03028887237911522,0.002670018238450039,0.12474775142129627,0.00023247085185185146,0.006333845960648147,9.814864872685148e-05,0.0016646880555555557,0.0024046172453703702,0.0016646880555555557,0.002473544467592593,0.12643920451388888,0.0030197939236111106,0.0016646880555555557,0.0024046172453703702,"lean-importer",0.0016668265729629633,0.0024888610006134257,0.12642428655366664,0.0027922953698124994,0.1264355885483333,0.0028758905521932866,0.0016735106831851853,0.002543613817453704,0.0016746346481481484,0.002549440324074074,0.001963943622685185,0.002618261177662037,0.0018492146921296297,0.00260534069212963,0.002056220810185185,0.0026654276793981486,0.001967665886574074,0.002633283440972222,0.008297789583333333,0.0027164098263888887,0.0019898435879629633,0.002649424289351852,0.002056220810185185,0.0026654276793981486,0.0020988063935185185,0.002688947083333333,0.005822454865740738,0.0027065937233796294,0.05554594633333336,0.0027362138055555558,0.12642238606944442,0.0027819111759259255,0.12643920451388888,0.0030197939236111106,0.008297789583333333,0.002861530451388889
0.0036064593143004123,0.005828252773874441,0.003204418037037037,0.0005772210671296284,0.0021627225347222224,0.00023401725694444445,0.0017206957175925925,0.004764965567129629,0.0017206957175925925,0.005330406631944444,0.011619201805555557,0.01821533732638889,0.0017206957175925925,0.0034829960300925924,"math-classes",0.001863878664398148,0.005400958150648148,0.00546516574462963,0.0061902181821712945,0.006741529092384233,0.006580374931435182,0.0022286647872037037,0.005574909200967593,0.002236947618055556,0.005582770148148148,0.002353480833333333,0.00568075744212963,0.0023223347662037035,0.005655680150462962,0.0029486103703703706,0.00578772710648148,0.002490406145833333,0.0057021123148148145,0.0045162033680555555,0.005914774699074074,0.002633772488425926,0.005744015131944445,0.0029486103703703706,0.00578772710648148,0.003337632118055556,0.005828016236111112,0.0043995988518518514,0.005879514657407407,0.00494698600925926,0.005958001726851851,0.005441365655092593,0.006159991215277777,0.006463099571759259,0.0070032332754629625,0.006463099571759259,0.00626321068287037
0.005481391447440085,0.013308796179223172,0.010340483706018512,0.0018668030486111101,0.0019739445486111114,0.0009061499074074116,0.00027561855324074075,0.009856478460648148,0.00027561855324074075,0.011485626076388889,0.12503052425925926,0.05958997193287038,0.00027561855324074075,0.008996865266203705,"mathcomp",0.0013590703547222223,0.011944929326111114,0.01229560218611111,0.01436052739860185,0.014619630424212963,0.015620664732592576,0.001732400550587963,0.012364938253916668,0.0017333777106481483,0.012402185972222222,0.001965730462962963,0.012746139166666665,0.0018026629560185185,0.012652007939814816,0.0022413045601851855,0.013138361944444442,0.002056407583333333,0.012821596395833334,0.003939675011574074,0.013652289074074076,0.0021647311828703704,0.012963690659722225,0.0022413045601851855,0.013138361944444442,0.0025445831782407407,0.013314879101851852,0.0028709876620370365,0.013529756560185187,0.005128833500000004,0.013808318055555553,0.012073861416666661,0.014268989020833333,0.015053682488425929,0.01677268769675926,0.0060763456481481475,0.015009712962962963
0.005148633220579451,0.01269633453319016,0.003789680946759258,0.001697360914351853,0.0005621083593749996,0.0008625817071759249,0.00011723390046296298,0.009396031435185187,0.0016302589236111109,0.010943182372685184,0.12503470724537039,0.03482213670138889,0.00011723390046296298,0.008585377708333333,"mathcomp-base",0.00164066082796875,0.011623191180381943,0.006576726775767353,0.013666804960381944,0.01932545139402199,0.014724663302430559,0.0017476420053125,0.011882232532662036,0.0017511385393518518,0.011913616412037037,0.0018998457436342593,0.012191300746527777,0.0018522280138888888,0.012121801851851853,0.0020566053761574077,0.01254393135416667,0.0019744513865740743,0.012252475636574072,0.002461954103009259,0.013053882453703702,0.0020147745763888884,0.01239119755787037,0.0020566053761574077,0.01254393135416667,0.002202134377314815,0.012731383032407407,0.002360477034722222,0.012939474560185188,0.0027961074212962964,0.013172237395833333,0.0055408194861111095,0.01361097732638889,0.008317675092592592,0.01608814483796296,0.0029439156365740735,0.014345258391203703
0.0020645843865740744,0.002775072718068377,0.0010564982592592594,0.00030595155324074017,0.000664930115740741,0.0001620512239583335,9.671309027777777e-05,0.002167177337962963,0.0016842909606481482,0.0024421435069444442,0.0025900195370370375,0.008076394305555555,9.671309027777777e-05,0.002167177337962963,"mathcomp-word",0.00040390940819444443,0.0024870031431481485,0.002582934088641204,0.0029391236933194445,0.0025883020946412044,0.0030555145314814817,0.0013640765041944445,0.0026122915133703706,0.001525533173611111,0.002623477107638889,0.0018765800752314813,0.0026846250868055553,0.0017937728773148149,0.002668370856481482,0.002412522627314815,0.0027595935474537033,0.0019763661689814814,0.0027008084340277775,0.0025415101909722223,0.002846676310763889,0.0022599105231481485,0.002730907710648148,0.002412522627314815,0.0027595935474537033,0.0024218231111111112,0.002789547226851852,0.0024709296597222223,0.0028224119479166665,0.0025808060509259264,0.0028679999699074074,0.0025820314328703704,0.002929428660879629,0.0025900195370370375,0.0033854534375,0.0025900195370370375,0.0030856409837962963
0.0025183742164351848,0.0031157996942128723,0.001591679143518522,0.0003319494120370371,0.0009727167129629627,0.00016014648726851797,9.017070601851852e-05,0.0025065999652777774,0.0016811803935185183,0.00278498212962963,0.010373348402777777,0.008067977476851852,9.017070601851852e-05,0.0016528053935185186,"mczify",0.00015503585365740744,0.0027794459108333334,0.0036012149934178204,0.0032796281784861115,0.008221816882876157,0.0034574447662615746,0.0012304604207789348,0.002930039120918982,0.0015379582858796293,0.002937582451388889,0.0017152598842592594,0.0030240956597222222,0.0017126136805555555,0.0030039445925925928,0.0017548332002314815,0.0031073110185185185,0.001723101554398148,0.0030451821851851853,0.002687976597222222,0.00318424214699074,0.0017360682824074075,0.003075501300925926,0.0017548332002314815,0.0031073110185185185,0.0026195542546296295,0.0031383424074074074,0.0026690989444444445,0.0031682778217592593,0.0027199181412037037,0.0032029306527777777,0.0031296374293981514,0.0032695318634259262,0.005106441377314815,0.003743727638888889,0.0029099925462962965,0.0034231841782407404
0.002513528842429576,0.0030167427392072768,0.0011875595717592592,0.00034174331597222217,0.0010172346180555556,0.00018025863136574092,0.000193926400462963,0.0023790700694444446,0.0016029141898148147,0.0026321307407407408,0.005788469641203703,0.01735357429398148,0.000193926400462963,0.0018033039814814814,"menhir",0.0016143038920138886,0.002768686736417824,0.0029326639182291666,0.003201311622590278,0.003093398618518519,0.003372693160665508,0.0017296816134027778,0.0028383640554108793,0.0017364492592592592,0.0028459170787037036,0.0018186952199074073,0.0029000138599537036,0.0017821588425925928,0.0028846754537037033,0.002709857210648148,0.0029723047453703707,0.0025438937847222223,0.0029135811724537043,0.002835929837962963,0.0030802724913194445,0.0026413309837962965,0.0029426493564814814,0.002709857210648148,0.0029723047453703707,0.0027962156944444446,0.003007076928240741,0.0028205296180555555,0.0030543915706018514,0.0028388542013888887,0.0031103043009259256,0.0029240088310185184,0.0031876603946759258,0.003168506099537037,0.003643906203703704,0.003168506099537037,0.0033506008796296296
0.008974180997402891,0.03261131665876838,0.017414032340277778,0.007012391568287035,0.00168825837962963,0.0033515949739583335,0.0016345120138888888,0.019283449953703704,0.0016345120138888888,0.026352766956018524,0.12536168791666666,0.08670957131944446,0.0016345120138888888,0.019283449953703704,"metacoq",0.0018861342856944445,0.0274498722744213,0.020504534791083332,0.03558735819608796,0.07211576231400434,0.03867922011828703,0.002412257848513889,0.028259390339003473,0.0024302769074074073,0.028374105872685185,0.0033909453819444446,0.03075830129340278,0.0030313006249999995,0.02930984899074074,0.004104461192129629,0.03313523441550926,0.003963694020833334,0.03200549880324074,0.005079203761574075,0.03410989626736111,0.004036647277777777,0.032698579166666665,0.004104461192129629,0.03313523441550926,0.004165715877314815,0.03347505975,0.004268377481481482,0.033870886758101855,0.007199245374999999,0.0343741889537037,0.019844309247685186,0.03538649744097222,0.028218545057870373,0.04451272185185185,0.007341231203703703,0.03913447174768519
0.002301470996191756,0.003533688649652215,0.0010648334513888883,0.00032920892361111044,0.0003345201446759258,0.00014147793981481548,0.0002939721064814815,0.002883939976851852,0.0015985206712962965,0.0032232673032407404,0.006495456840277779,0.019056483229166667,2.100121527777778e-05,0.001975892071759259,"mtac2",0.0016156878568981483,0.0032879323480324075,0.0030008684651041655,0.0037209391410648147,0.0033705658740624997,0.0039689308693287,0.001789563904476852,0.003369823639837963,0.0018706012824074077,0.0033769320949074075,0.0020831538599537036,0.0034327410185185183,0.002047835314814815,0.0034158166898148145,0.0022455123032407405,0.0034934074884259256,0.0021110635532407412,0.0034457612962962964,0.0024176740046296294,0.003574218958333334,0.0022046627685185184,0.003469397453703704,0.0022455123032407405,0.0034934074884259256,0.0022992399722222222,0.0035200272916666663,0.0023597695833333333,0.0035540393055555554,0.002483043289351852,0.0035998700462962965,0.002935434733796296,0.003706141018518518,0.0035567996180555558,0.00419648332175926,0.0028999091087962958,0.0037860222916666665
0.003054382387152778,0.015419520502154732,8.102554861111094e-05,0.001897382037037038,3.7260989583333144e-05,0.000895742575231482,0.001690182060185185,0.01173680954861111,0.001690182060185185,0.013617427881944448,0.019150270127314815,0.028711073425925927,8.97638773148148e-05,0.01173680954861111,"oddorder",0.0004682627775636574,0.014018485702199072,0.0021955048698634296,0.016476728255738423,0.015040603238530072,0.01762754680607639,0.001651291898341435,0.014462912085627316,0.0016911301666666667,0.014495870377314814,0.0017219319618055557,0.014884001533564815,0.0017056014814814816,0.014765998300925929,0.0017485773148148147,0.01532546533564815,0.0017342833726851853,0.0149792165,0.0017591929513888888,0.015779744108796297,0.001746147453703704,0.015150855907407407,0.0017485773148148147,0.01532546533564815,0.0017541864675925927,0.015489107194444443,0.001757695054398148,0.01566476701851852,0.001761522150462963,0.015941745143518517,0.0017721557152777776,0.016393252414351852,0.0017732431134259256,0.019213383726851854,0.0017732431134259256,0.01712041369212963
0.001991931533203125,0.0028492742059053637,0.0010849181516203704,0.00026635656481481485,0.0002774867390046294,0.00012367915219907433,0.0015922157291666666,0.0023465366666666665,0.0015922157291666666,0.0025860118518518517,0.0028882910416666665,0.016358625381944443,3.056746527777777e-05,0.0019303417939814814,"paco",0.0010714060331597222,0.002621664910665509,0.0028089684675902784,0.0029850879628541666,0.0028858126336458335,0.003128857049866898,0.00167499855190625,0.0027029471548437496,0.0016831782847222222,0.002707085513888889,0.0017830120399305557,0.002768698984375,0.0017724193912037039,0.0027516847060185183,0.0019960625578703704,0.00282932755787037,0.0018435420439814817,0.0027827200127314815,0.002060498778935185,0.0028923781365740742,0.0019532846875,0.0028071755925925925,0.0019960625578703704,0.00282932755787037,0.0020152394814814817,0.002853098601851852,0.002031403133101852,0.0028785893773148148,0.0020763444004629626,0.0029089064259259258,0.0027680964363425925,0.002973442078703704,0.0028882910416666665,0.0033715265856481477,0.0024019081134259257,0.0030763795138888887
0.0020717999834247835,0.0023166042216065164,0.0005711230439814812,0.00021905319212962978,0.0002414340509259258,0.00010664787037037047,0.0015916471874999998,0.0018538222337962963,0.0016611289814814816,0.0020790316203703704,0.006762631782407407,0.02983111431712963,0.00013647571759259258,0.0012904576157407408,"paramcoq",0.00024874115324074076,0.0020823716544444448,0.0023212336532407404,0.0024071243951296296,0.0023825959870370367,0.002518154809351852,0.0017132369933333333,0.002175070779851852,0.0017367621180555558,0.0021821220810185186,0.001992878460648148,0.002238543587962963,0.0019415182754629627,0.0022223606319444443,0.0020871220949074073,0.0022956514930555557,0.0020215142939814814,0.0022531295625,0.002234312511574074,0.0023451914583333335,0.002063965023148148,0.0022765103032407405,0.0020871220949074073,0.0022956514930555557,0.002135703865740741,0.0023146522615740744,0.002211530671296296,0.002334906530092593,0.0022551362731481482,0.002359760247685185,0.002307885162037037,0.0024011752731481484,0.00241227912037037,0.0027072629513888893,0.00241227912037037,0.0025026650925925927
0.004889192842863155,0.02756384920699983,0.008520760396990738,0.0034028378518518483,0.003111333307291667,0.0016346694039351892,0.001563818090277778,0.02095373119212963,0.001563818090277778,0.02413612144675926,0.0647347227314815,0.08359323776620371,0.001563818090277778,0.0023743565972222224,"perennial",0.0017095982181770835,0.025164495651053238,0.01066803466339236,0.029670795682810187,0.020095370805104137,0.0328405733499537,0.0017829836026851853,0.025968590233555557,0.0017862818391203702,0.026023705400462966,0.002345212471064815,0.026571257841435186,0.0022896505300925925,0.026429689881944447,0.002827654791666667,0.027323322013888887,0.0024652152129629626,0.026715372733796296,0.005456545778356482,0.028205927245370375,0.0026015764837962964,0.027005319962962963,0.002827654791666667,0.027323322013888887,0.002963363664351852,0.027639622002314814,0.003540860481481481,0.027978906164351856,0.006319568023148148,0.02844376377083333,0.010307042236111109,0.029426543252314814,0.022519589386574074,0.03450815298611111,0.01003221568287037,0.030656714039351853
0.003490384855709879,0.004002312801327695,0.00218786433449074,0.00040783737384259304,0.0019373820543981482,0.00019330248263888915,8.704847222222222e-05,0.003353522858796296,8.704847222222222e-05,0.0036172056597222227,0.1250305529513889,0.043199283807870366,8.704847222222222e-05,0.0010714328587962962,"plugin-tutorial",9.477118634837963e-05,0.003684822931168982,0.0039391533424664345,0.004239307949208333,0.004084852716799769,0.004512027653564814,0.0017135344540266202,0.003799837126971065,0.0017349387118055554,0.003811033709490741,0.0018114117100694446,0.003889406186342592,0.0017822907870370373,0.003867200173611111,0.0027960461979166674,0.003972637517361112,0.0018385255717592594,0.003908253996527778,0.003748793764467593,0.004082708668981481,0.0019156903217592593,0.003942953136574074,0.0027960461979166674,0.003972637517361112,0.0028980949444444445,0.004010038030092592,0.0036483076701388888,0.004053393947916666,0.0038062259305555552,0.004117719960648148,0.003922803046296296,0.004218871083333334,0.0043756385995370375,0.004817703298611112,0.0043756385995370375,0.004371263194444444
0.003528588325690076,0.006197988635050489,0.0026717602314814816,0.000597940539351853,0.0015101728964120376,0.0002657581250000004,9.291340277777779e-05,0.005065548773148148,0.001656472326388889,0.005649410868055556,0.005767352314814814,0.018068124131944443,9.291340277777779e-05,0.0036170080208333334,"quickchick",0.0017386171391493056,0.005762438434537037,0.0049109251141608795,0.0065467367625,0.005179658250491898,0.0070042616915740735,0.0018078910466608794,0.005896930605481481,0.0021973141666666667,0.0059126414884259244,0.0027466677575231483,0.0060245513310185185,0.002608337939814815,0.005994538972222222,0.0036454358217592594,0.006150637349537038,0.002923550896990741,0.006054554064814815,0.004256840653935186,0.006290309456018519,0.0032256684490740736,0.006103455395833334,0.0036454358217592594,0.006150637349537038,0.003855743819444444,0.006200478618055555,0.004110055908564815,0.006255491967592591,0.0045472556712962955,0.006333239210648148,0.004869074398148148,0.0065105820277777775,0.005767352314814814,0.007377563078703704,0.005767352314814814,0.006682419583333334
0.0018558026284722228,0.0021333666436603753,0.0003661838518518516,0.00020305409953703685,0.00024038403356481494,0.00010288706018518482,0.0016719416435185186,0.0017311163425925927,0.0016719416435185186,0.001912855775462963,0.0022991703935185182,0.011803849861111111,5.930336805555555e-05,0.0009149784606481483,"reduction-effects",0.00043265625574652775,0.0019248800310243056,0.002078204157517361,0.0022147887882141204,0.0021298680433101845,0.0023085235260069444,0.001699016299408565,0.002002429784712963,0.0017102983877314818,0.002007119494212963,0.0017994405873842593,0.002064606096643519,0.0017655237083333334,0.0020474723657407405,0.0019473413657407406,0.002119506903935185,0.0018108354675925927,0.0020799414768518515,0.0020398246209490743,0.0021674931568287036,0.0019299013078703702,0.002100344175925926,0.0019473413657407406,0.002119506903935185,0.001996659703703704,0.0021392660347222224,0.002025981375,0.0021570126956018515,0.0020628691851851855,0.0021779232361111107,0.0020764822395833334,0.00221017359375,0.0022991703935185182,0.002472492766203704,0.0022991703935185182,0.002320063275462963
0.002156637027633102,0.0039980192641883424,0.001210600489583333,0.00038067340625,0.0002650002980324072,0.000167856284722222,2.785891203703704e-06,0.0033316630787037036,0.001642209861111111,0.003635292581018518,0.004155096041666666,0.018871021562500003,2.785891203703704e-06,0.0028814802314814816,"relation-algebra",0.001645186996423611,0.0037201483721701384,0.0030018023773715277,0.0042269039749363415,0.0036121695632175877,0.0044242272692939805,0.0017263282932847225,0.0038129424971030087,0.0017419787222222223,0.003821178792824074,0.0019515746412037038,0.0038862255063657407,0.0018622022199074077,0.0038696471342592595,0.0020770395775462965,0.003955766591435185,0.0019765325810185185,0.003899966300925926,0.002216574939236111,0.004054081791087963,0.002022145613425926,0.003926750844907408,0.0020770395775462965,0.003955766591435185,0.0021442912476851853,0.003987966157407407,0.002173495181712963,0.004029193025462964,0.002238520226851852,0.004091890724537037,0.002952579211805555,0.004201852199074074,0.004155096041666666,0.004763648749999999,0.002314683726851852,0.004305790717592592
0.0105979501002785,0.01027077944501353,0.008421436210648142,0.0013889231134259286,0.004561913116319444,0.0007004353124999991,0.0001750563657407407,0.007748694733796296,0.0001750563657407407,0.008767123078703703,0.1250366182060185,0.09316401350694443,0.0001750563657407407,0.00735478056712963,"rewriter",0.001252123384814815,0.00919151519074074,0.013279061341011582,0.01095618651772222,0.12502723107806712,0.01175636140824073,0.0017524515875682871,0.009464529908648149,0.0017591998587962961,0.009492950210648146,0.002197878359375,0.00981076810185185,0.002094130611111111,0.009714346657407407,0.0024467697280092593,0.010185820428240741,0.0022440086655092597,0.009888261854166667,0.006759791475694444,0.01051120341435185,0.002314123030092593,0.010046415368055556,0.0024467697280092593,0.010185820428240741,0.002645703386574074,0.010311605888888888,0.0036952676643518525,0.010441351960648148,0.0079243330625,0.010598759511574074,0.010180636069444438,0.010881873324074075,0.015722979155092593,0.01277070840277778,0.011307957615740738,0.011560717858796296
0.0023415267196073386,0.004270870659199171,0.0013143377118055555,0.0005978165798611115,0.000712972673611111,0.00021069532118055557,0.00039084348379629636,0.0031120785416666667,0.0016413517361111112,0.0037684935069444447,0.004547266111111112,0.009368835266203704,0.00039084348379629636,0.0020755378240740743,"sf",0.0016447689387673612,0.003912106574103009,0.0031610560607094897,0.0046662996769212955,0.0044684234899016175,0.005686887224681713,0.0017288623307141204,0.003997376835133102,0.00173585421875,0.004004702725694444,0.001813220625,0.0040658351533564814,0.0017732864305555554,0.004047249722222221,0.0022017525405092593,0.0041465427488425926,0.0020356873923611115,0.0040827729282407405,0.002526193298611111,0.004276530474537037,0.002167528594907408,0.0041125978819444445,0.0022017525405092593,0.0041465427488425926,0.0023596505648148143,0.004190349756944445,0.002512755561342593,0.004241708379629629,0.002559356886574074,0.004329316909722222,0.0030501919305555556,0.004602519305555556,0.004547266111111112,0.00549824224537037,0.003529494340277778,0.0045888671875
0.0020781385684458965,0.0023604257164434516,0.0006839513888888889,0.0002262238761574077,0.0005189992592592595,0.0001160193287037029,0.0016119883217592592,0.0019285137152777777,0.0016119883217592592,0.0021191688194444444,0.006317433761574073,0.008254685717592592,0.00026478776620370367,0.0016366114467592594,"stdlib2",0.00037659839438657403,0.0021161596036342596,0.002388779885127315,0.002464639220587963,0.004356775880208327,0.0025585539763252315,0.0016964179284722223,0.0022259553175983794,0.001697585150462963,0.002232039989583333,0.0017498425752314815,0.0022931123842592598,0.0017330031944444444,0.002277899111111111,0.0020801905324074076,0.0023566056307870375,0.0017679191550925924,0.0023084528657407407,0.002268841834490741,0.0024091317129629627,0.001780603020833333,0.0023358120810185188,0.0020801905324074076,0.0023566056307870375,0.0021764948495370372,0.002375916439814815,0.0022636623726851853,0.002398059554398148,0.002317327962962963,0.002421512835648148,0.002381536539351852,0.002458263865740741,0.0024110055555555555,0.002776694710648148,0.0024110055555555555,0.002580639849537037
0.012923479842491948,0.003079194813064614,0.002628084870370382,0.00026939072916666714,0.000424936631944445,0.00011544721064814766,3.1106712962962966e-06,0.0026184606597222226,0.0016252794907407409,0.0028307678819444447,0.12597737427083336,0.011154835428240742,3.1106712962962966e-06,0.002215956076388889,"tlc",0.0008734409856712963,0.0028609801808449067,0.007292045082458343,0.003225577307291667,0.12586626104641202,0.0033988571469907407,0.0017288709911203706,0.0029388208567708335,0.0017305212546296297,0.0029460627546296293,0.002008013634259259,0.0029977963020833337,0.0018062993287037035,0.002983449479166667,0.0021325156944444444,0.003052211354166666,0.002025706483796296,0.003010285590277778,0.002432950266203704,0.0031132435127314813,0.002086026238425926,0.0030321671527777775,0.0021325156944444444,0.003052211354166666,0.002183369650462963,0.003071255,0.0023081005486111114,0.0030961101388888887,0.0027610834837962965,0.003133462395833333,0.004358606125000011,0.0032154534837962965,0.007412681041666667,0.003602550138888889,0.002934762685185185,0.003285823159722222
0.0671341176390312,0.08960836786100367,0.11965458108796295,0.030081075412037042,0.09533824758101851,0.01913807263888888,0.0016186899537037039,0.04050200559027777,0.0016186899537037039,0.05233275701388889,1.0000199117013888,0.12141486740740741,0.0016186899537037039,0.002197567037037037,"unimath",0.001694778640028935,0.05956501493945602,0.12322963546200694,0.10358741094706252,0.12641273703827546,0.10975557257900458,0.002132298795131944,0.07268031776842826,0.0021610601574074077,0.07302072906944444,0.0035225392563657406,0.08092351505208334,0.0023283759467592592,0.07871183878935187,0.09412264674189814,0.09049988002314814,0.006482398863425927,0.08570467924305555,0.09886078683738425,0.10006158769097222,0.046050427034722355,0.08831148308101852,0.09412264674189814,0.09049988002314814,0.09587302005787038,0.09383302209953703,0.09773081510069445,0.09906940184259258,0.10091063194675925,0.10090827825000001,0.12181564124537037,0.10310180448148148,0.12647762946759258,0.12141486740740741,0.12647762946759258,0.12141486740740741
0.0035812874538337486,0.018713573837785543,0.0032727635347222263,0.001901244744212962,0.0015582220601851856,0.0007891825578703708,0.0015578566203703706,0.015128657997685186,0.0015578566203703706,0.017012882118055555,0.02600997763888889,0.06261636657407407,0.0015578566203703706,0.011468874328703702,"verdi-raft",0.001682730069212963,0.017402290878512732,0.0062925391528703715,0.019944003486244213,0.01624547268458332,0.021544328196516183,0.0017479446688055556,0.01783785795457639,0.0017522664884259262,0.01788633332175926,0.002134393680555555,0.018187812187500003,0.0018115420879629628,0.018100730296296295,0.0023116522916666665,0.018544704461805554,0.0021854255810185184,0.018251445149305556,0.0036926157407407407,0.018976994745370374,0.0022235679027777775,0.01839453320601852,0.0023116522916666665,0.018544704461805554,0.0026888648055555554,0.01868238617361111,0.003232887377314815,0.01887375032175926,0.004175937358796296,0.019127898909722225,0.0050250300231481524,0.01978757806597222,0.00722398974537037,0.022460693182870372,0.004720445092592593,0.020158672662037035
0.00204187884930361,0.0022764751824390886,0.000415790884259259,0.0002053546574074072,0.00016955858217592573,0.0001012425810185181,0.001592794351851852,0.0018622642592592594,0.0017545777199074076,0.002048472199074074,0.0023822969444444444,0.015992742083333334,2.6746643518518517e-06,0.0006921754976851852,"vscoq",0.001634448938414352,0.0020601851860185187,0.0022324827150601856,0.0023566962176111107,0.00234360314818287,0.0024708207085185198,0.0017917363984050923,0.0021394009071666665,0.0018087052916666666,0.00214513912962963,0.001999043287037037,0.002199984166666667,0.0019802022152777777,0.0021859036689814816,0.0021028253819444444,0.0022506557291666666,0.002016981953703704,0.0022117706990740743,0.002168601869212963,0.002301226747685185,0.0020607673819444446,0.0022332943865740742,0.0021028253819444444,0.0022506557291666666,0.002121051872685185,0.002268586740740741,0.002145321108796296,0.002287043164351852,0.0021886172199074077,0.0023145915439814818,0.0022244961759259256,0.002350493787037037,0.0023822969444444444,0.00264288625,0.0023822969444444444,0.002450570289351852
0.006280782809124229,0.049679659431427554,0.0051312311516203725,0.0073905545578703755,0.0005406715133101851,0.0036844302025463016,0.00027200556712962963,0.03556412719907407,0.0017201416898148145,0.04258511048611111,0.12518046042824074,0.0867379426388889,0.00027200556712962963,0.004873639513888889,"vst",0.001971469611574074,0.045163739090312495,0.007665172012106479,0.05427453746714815,0.054743149992413156,0.05885928317055555,0.0022390430804467595,0.046484202686319434,0.0022430329710648148,0.046573307817129636,0.002325210509259259,0.04761078274305555,0.0022937927962962965,0.047339461675925926,0.0024172926562500002,0.04902153545138888,0.002335772898148148,0.04783826910648148,0.0028658820225694443,0.051295212945601854,0.002366627018518519,0.04838308941435185,0.0024172926562500002,0.04902153545138888,0.0025286096504629632,0.049767643460648145,0.002710160493055556,0.050725913312499996,0.003366597592592592,0.05191835056249999,0.007374264122685187,0.05396386237500001,0.009299293321759258,0.06424069560185185,0.003482712060185185,0.056812868726851845
