"commit","created_at","date_start","duration","finished_at","id","iid","name","number","parent_id1","parent_id2","ref","runtime","short_name","stated_at","status","target"
"6a8511e","2022-07-27T11:55:03.428Z","2022-07-27T15:34:05Z",259.202721,"2022-07-27T12:29:31.001Z",598120493,29036,"plugin:ci-rewriter","16311","d712096e84579b346bf87341165228c55403dded","6a8511edafd15dc46e478d1fa41a780bb9a131f9","pr-16311",0.167,"rewriter",,"failed","ci-rewriter"
"6a8511e","2022-07-27T11:55:03.306Z","2022-07-27T15:34:05Z",230.268933,"2022-07-27T12:16:58.214Z",598120493,29036,"plugin:ci-mtac2","16311","d712096e84579b346bf87341165228c55403dded","6a8511edafd15dc46e478d1fa41a780bb9a131f9","pr-16311",0.259,"mtac2",,"failed","ci-mtac2"
"6a8511e","2022-07-27T11:55:02.686Z","2022-07-27T15:34:05Z",242.163916,"2022-07-27T12:29:13.572Z",598120493,29036,"library:ci-menhir","16311","d712096e84579b346bf87341165228c55403dded","6a8511edafd15dc46e478d1fa41a780bb9a131f9","pr-16311",0.147,"menhir",,"failed","ci-menhir"
"6a8511e","2022-07-27T11:55:02.614Z","2022-07-27T15:34:05Z",598.493586,"2022-07-27T12:35:09.838Z",598120493,29036,"library:ci-fiat_crypto_legacy","16311","d712096e84579b346bf87341165228c55403dded","6a8511edafd15dc46e478d1fa41a780bb9a131f9","pr-16311",0.255,"fiat_crypto_legacy",,"failed","ci-fiat_crypto_legacy"
"6a8511e","2022-07-27T11:55:02.422Z","2022-07-27T15:34:05Z",1784.677029,"2022-07-27T12:54:55.933Z",598120493,29036,"library:ci-bedrock2","16311","d712096e84579b346bf87341165228c55403dded","6a8511edafd15dc46e478d1fa41a780bb9a131f9","pr-16311",0.456,"bedrock2",,"failed","ci-bedrock2"
"d699d63","2022-07-21T14:08:22.496Z","2022-07-21T17:05:38Z",285.135066,"2022-07-21T14:59:00.182Z",593564933,28995,"library:ci-fiat_crypto","16337","0a9c2d254bb555117037ccb52449310959f7e74b","d699d634beee798c5c653648cc86ca370e093058","pr-16337",0.589,"fiat_crypto",,"failed","ci-fiat_crypto"
"d699d63","2022-07-21T14:08:22.416Z","2022-07-21T17:05:38Z",1135.997351,"2022-07-21T14:45:41.786Z",593564933,28995,"library:ci-coq_performance_tests","16337","0a9c2d254bb555117037ccb52449310959f7e74b","d699d634beee798c5c653648cc86ca370e093058","pr-16337",36.816,"coq_performance_tests",,"failed","ci-coq_performance_tests"
"d699d63","2022-07-21T14:08:22.376Z","2022-07-21T17:05:38Z",204.995282,"2022-07-21T14:43:54.774Z",593564933,28995,"library:ci-bedrock2","16337","0a9c2d254bb555117037ccb52449310959f7e74b","d699d634beee798c5c653648cc86ca370e093058","pr-16337",0.6,"bedrock2",,"failed","ci-bedrock2"
"ea8e79d","2022-07-20T10:37:39.396Z","2022-07-20T18:47:34Z",860.236589,"2022-07-20T11:16:31.127Z",592329905,28989,"plugin:ci-metacoq","16332","a17855e0870d17cd722adfd96b867be2de219445","ea8e79da15439e9c889a2f008103a588ce7ff2a7","pr-16332",0.409,"metacoq",,"failed","ci-metacoq"
"ea8e79d","2022-07-20T10:37:39.266Z","2022-07-20T13:24:05Z",234.631498,"2022-07-20T11:18:09.186Z",592329905,28989,"library:ci-vst","16332","a17855e0870d17cd722adfd96b867be2de219445","ea8e79da15439e9c889a2f008103a588ce7ff2a7","pr-16332",0.391,"vst",,"failed","ci-vst"
"ea8e79d","2022-07-20T10:37:39.236Z","2022-07-20T13:24:05Z",210.006563,"2022-07-20T10:59:08.642Z",592329905,28989,"library:ci-tlc","16332","a17855e0870d17cd722adfd96b867be2de219445","ea8e79da15439e9c889a2f008103a588ce7ff2a7","pr-16332",0.214,"tlc",,"failed","ci-tlc"
"ea8e79d","2022-07-20T10:37:39.218Z","2022-07-20T13:24:05Z",392.883792,"2022-07-20T11:02:11.439Z",592329905,28989,"library:ci-sf","16332","a17855e0870d17cd722adfd96b867be2de219445","ea8e79da15439e9c889a2f008103a588ce7ff2a7","pr-16332",0.251,"sf",,"failed","ci-sf"
"ea8e79d","2022-07-20T10:37:39.042Z","2022-07-20T13:24:05Z",451.536896,"2022-07-20T11:15:54.304Z",592329905,28989,"library:ci-fiat_crypto_legacy","16332","a17855e0870d17cd722adfd96b867be2de219445","ea8e79da15439e9c889a2f008103a588ce7ff2a7","pr-16332",1.357,"fiat_crypto_legacy",,"failed","ci-fiat_crypto_legacy"
"ea8e79d","2022-07-20T10:37:38.969Z","2022-07-20T13:24:05Z",263.96137,"2022-07-20T11:17:41.314Z",592329905,28989,"library:ci-coqprime","16332","a17855e0870d17cd722adfd96b867be2de219445","ea8e79da15439e9c889a2f008103a588ce7ff2a7","pr-16332",1.085,"coqprime",,"failed","ci-coqprime"
"ea8e79d","2022-07-20T10:37:38.936Z","2022-07-20T13:24:05Z",251.863354,"2022-07-20T11:18:26.380Z",592329905,28989,"library:ci-compcert","16332","a17855e0870d17cd722adfd96b867be2de219445","ea8e79da15439e9c889a2f008103a588ce7ff2a7","pr-16332",0.43,"compcert",,"failed","ci-compcert"
"ea8e79d","2022-07-20T10:37:38.924Z","2022-07-20T13:24:05Z",666.231611,"2022-07-20T11:24:23.558Z",592329905,28989,"library:ci-color","16332","a17855e0870d17cd722adfd96b867be2de219445","ea8e79da15439e9c889a2f008103a588ce7ff2a7","pr-16332",0.596,"color",,"failed","ci-color"
"9bc7c11","2022-07-11T15:11:36.071Z","2022-07-12T09:44:39Z",651.332386,"2022-07-11T16:15:15.315Z",585066236,28900,"library:ci-jasmin","16311","60c63f4a98f7665ce118e579c4046de4b91081f5","9bc7c1143cdce011e963f3012719f7fba64a96ca","pr-16311",3.122,"jasmin",,"failed","ci-jasmin"
"e0a8b33","2022-06-23T19:24:19.797Z","2022-06-27T22:49:05Z",187.490427,"2022-06-23T19:42:13.097Z",571622229,28668,"plugin:ci-mtac2","16190","3ed332aeac665d034b5f9045ccffcd83ea03d962","e0a8b3379dfb33277ab4c06a629e44225437c085","pr-16190",0.477,"mtac2",,"failed","ci-mtac2"
"e0a8b33","2022-06-23T19:24:19.786Z","2022-06-27T22:49:05Z",213.589339,"2022-06-23T19:49:23.310Z",571622229,28668,"plugin:ci-metacoq","16190","3ed332aeac665d034b5f9045ccffcd83ea03d962","e0a8b3379dfb33277ab4c06a629e44225437c085","pr-16190",45.735,"metacoq",,"failed","ci-metacoq"
"e0a8b33","2022-06-23T19:24:19.593Z","2022-06-29T02:03:09Z",520.583376,"2022-06-23T20:04:34.794Z",571622229,28668,"library:ci-vst","16190","3ed332aeac665d034b5f9045ccffcd83ea03d962","e0a8b3379dfb33277ab4c06a629e44225437c085","pr-16190",0.613,"vst",,"failed","ci-vst"
"e0a8b33","2022-06-23T19:24:19.563Z","2022-06-29T02:03:09Z",565.37995,"2022-06-23T19:59:55.463Z",571622229,28668,"library:ci-unimath","16190","3ed332aeac665d034b5f9045ccffcd83ea03d962","e0a8b3379dfb33277ab4c06a629e44225437c085","pr-16190",0.268,"unimath",,"failed","ci-unimath"
"e0a8b33","2022-06-23T19:24:19.401Z","2022-06-29T02:03:09Z",308.108561,"2022-06-23T19:44:13.126Z",571622229,28668,"library:ci-hott","16190","3ed332aeac665d034b5f9045ccffcd83ea03d962","e0a8b3379dfb33277ab4c06a629e44225437c085","pr-16190",0.628,"hott",,"failed","ci-hott"
"e0a8b33","2022-06-23T19:24:19.330Z","2022-06-27T22:49:05Z",241.061982,"2022-06-23T19:54:30.431Z",571622229,28668,"library:ci-menhir","16190","3ed332aeac665d034b5f9045ccffcd83ea03d962","e0a8b3379dfb33277ab4c06a629e44225437c085","pr-16190",1.254,"menhir",,"failed","ci-menhir"
"e0a8b33","2022-06-23T19:24:19.102Z","2022-06-27T22:49:05Z",1077.790469,"2022-06-23T20:03:47.498Z",571622229,28668,"library:ci-category_theory","16190","3ed332aeac665d034b5f9045ccffcd83ea03d962","e0a8b3379dfb33277ab4c06a629e44225437c085","pr-16190",0.66,"category_theory",,"failed","ci-category_theory"
"e7a9490","2022-06-16T17:12:50.060Z","2022-06-16T19:03:46Z",365.38825,"2022-06-16T17:57:06.558Z",565766187,28537,"library:ci-iris","16197","148633263920e6ba8846c15da58adb58f6674cdd","e7a9490bcf0bff78abd27c00c5afaa8635ebeba6","pr-16197",0.148,"iris",,"failed","ci-iris"
"a8d2ff5","2022-06-13T21:53:56.880Z","2022-06-14T07:13:34Z",312.780512,"2022-06-13T22:48:01.230Z",562807193,28479,"library:ci-fiat_crypto","16182","b7258c31fe740df94f8546f5c7865e55c1be2456","a8d2ff5b598f7e2406541a428468df1d99ea59ab","pr-16182",0.222,"fiat_crypto",,"failed","ci-fiat_crypto"
"04f1bcd","2022-05-23T09:06:58.296Z","2022-05-23T10:26:11Z",1042.041105,"2022-05-23T09:54:56.145Z",545544872,28074,"plugin:ci-metacoq","16057","1aa46c630e748e51af7c202fe2266a1d3cf45886","04f1bcdfa9c46e8fefa914a3742fb8dc482ff464","pr-16057",9.643,"metacoq",,"failed","ci-metacoq"
"4d0a477","2022-04-27T13:57:17.805Z","2022-04-28T07:48:59Z",948.639484,"2022-04-27T14:42:42.993Z",525965559,27733,"library:ci-bedrock2","15908","47e36b9679e3cbbb70d5bdacb459ea337dbce148","4d0a477d7c49c3553e6e0f03230061cd269da92c","pr-15908",0.291,"bedrock2",,"failed","ci-bedrock2"
"17ade41","2022-04-12T11:54:20.169Z","2022-04-10T08:28:55Z",9081.623582,"2022-04-12T14:25:42.196Z",512975515,27562,"library:ci-fiat_crypto","15434","be7781bb4662041b94bda6c95d8b19273a949cad","17ade41bb215b47fd49d190cf5873683e3f2bc1e","pr-15434",0.191,"fiat_crypto",,"success","ci-fiat_crypto"
"256e0e2","2022-03-25T15:52:49.070Z","2022-03-25T20:42:21Z",3011.187724,"2022-03-25T17:10:13.628Z",501418957,27344,"library:ci-category_theory","15856","d47ba657bb4ec33f44402142161610955194ae61","256e0e2ef2d6e0a846b8492d1bf1c2a82dbee006","pr-15856",6.111,"category_theory",,"failed","ci-category_theory"
"00b1fba","2022-03-22T19:52:46.653Z","2022-03-23T08:08:33Z",287.483565,"2022-03-22T20:20:04.194Z",498551577,27291,"plugin:ci-mtac2","15847","0e55aab52480bf6de6eabb6756aba379ba0a0653","00b1fbaebcd3554c875d22a5afcad6c228622706","pr-15847",0.104,"mtac2",,"failed","ci-mtac2"
"c05341c","2022-03-21T14:59:31.788Z","2022-03-21T19:36:57Z",362.163596,"2022-03-21T15:39:32.849Z",497269878,27263,"library:ci-mathcomp","15693","019a8bd0fcc01d43902494861367ab21dd5f9cc7","c05341cb6b5524454f72c269914ace9cabdd1f4c","pr-15693",0.682,"mathcomp",,"failed","ci-mathcomp"
"8d114c7","2022-03-18T15:45:45.232Z","2022-03-18T19:18:43Z",207.157201,"2022-03-18T16:10:24.859Z",495758658,27210,"plugin:ci-equations","15822","921f76308b5f18bc52126ee6e0590cb1560eb5fd","8d114c74213615f6c359467b6dceaa2d5af9826c","pr-15822",0.206,"equations",,"failed","ci-equations"
"8d114c7","2022-03-18T15:45:43.078Z","2022-03-18T19:18:43Z",3143.056758,"2022-03-18T17:10:31.965Z",495758658,27210,"library:ci-bedrock2","15822","921f76308b5f18bc52126ee6e0590cb1560eb5fd","8d114c74213615f6c359467b6dceaa2d5af9826c","pr-15822",48.066,"bedrock2",,"failed","ci-bedrock2"
"ad23c07","2022-03-15T15:00:54.231Z","2022-03-15T15:47:12Z",197.862722,"2022-03-15T15:25:26.261Z",492803671,27169,"plugin:ci-equations","15807","47ad43b361960f2bb9c5149cfb732cdf8b04e411","ad23c079158d1d302f9e0dfbdbfcfc869d3ffc78","pr-15807",0.125,"equations",,"failed","ci-equations"
"ad23c07","2022-03-15T15:00:53.854Z","2022-03-15T15:47:12Z",214.718712,"2022-03-15T15:25:42.918Z",492803671,27169,"library:ci-hott","15807","47ad43b361960f2bb9c5149cfb732cdf8b04e411","ad23c079158d1d302f9e0dfbdbfcfc869d3ffc78","pr-15807",0.136,"hott",,"failed","ci-hott"
"ad23c07","2022-03-15T15:00:53.575Z","2022-03-15T15:47:12Z",257.116152,"2022-03-15T15:36:50.271Z",492803671,27169,"library:ci-bedrock2","15807","47ad43b361960f2bb9c5149cfb732cdf8b04e411","ad23c079158d1d302f9e0dfbdbfcfc869d3ffc78","pr-15807",0.203,"bedrock2",,"failed","ci-bedrock2"
"59be91d","2022-03-08T14:46:09.207Z","2022-03-14T16:00:43Z",575.436212,"2022-03-08T15:30:13.075Z",487200008,27048,"plugin:ci-perennial","15780","aedb9bc5f333f269cb917bc66aee45881fd72c6b","59be91d879ade0480d69902db374e80dc134e89d","pr-15780",0.455,"perennial",,"failed","ci-perennial"
"59be91d","2022-03-08T14:46:08.798Z","2022-03-14T16:00:43Z",721.686362,"2022-03-08T15:36:08.257Z",487200008,27048,"library:ci-iris","15780","aedb9bc5f333f269cb917bc66aee45881fd72c6b","59be91d879ade0480d69902db374e80dc134e89d","pr-15780",0.428,"iris",,"failed","ci-iris"
"2379b92","2022-03-07T18:11:49.350Z","2022-03-05T08:12:33Z",450.792113,"2022-03-07T18:40:47.891Z",486413476,27045,"plugin:ci-elpi","15770","aedb9bc5f333f269cb917bc66aee45881fd72c6b","2379b9219a2031411b4630cd5d5ef8e27c02aee1","pr-15770",0.101,"elpi",,"failed","ci-elpi"
"2379b92","2022-03-07T18:11:49.170Z","2022-03-05T08:12:33Z",212.260153,"2022-03-07T18:54:11.402Z",486413476,27045,"library:ci-finmap","15770","aedb9bc5f333f269cb917bc66aee45881fd72c6b","2379b9219a2031411b4630cd5d5ef8e27c02aee1","pr-15770",0.358,"finmap",,"failed","ci-finmap"
"2379b92","2022-03-04T14:46:18.692Z","2022-03-05T08:12:33Z",496.250662,"2022-03-04T15:15:53.077Z",484697310,26990,"plugin:ci-elpi","15770","9ebff3ce660912815b3eac5f7d2cc717d80f932a","2379b9219a2031411b4630cd5d5ef8e27c02aee1","pr-15770",0.101,"elpi",,"failed","ci-elpi"
"2379b92","2022-03-04T14:46:18.476Z","2022-03-05T08:12:33Z",228.356719,"2022-03-04T15:27:54.213Z",484697310,26990,"library:ci-finmap","15770","9ebff3ce660912815b3eac5f7d2cc717d80f932a","2379b9219a2031411b4630cd5d5ef8e27c02aee1","pr-15770",0.358,"finmap",,"failed","ci-finmap"
"f339dd6","2022-03-01T10:08:14.724Z","2022-03-01T22:33:18Z",639.176534,"2022-03-01T10:49:56.860Z",481659456,26949,"plugin:ci-perennial","15753","38582cd20e6234d5fb79ee0a29dd2879c19e6945","f339dd639404e0b0342cc1f7f0ebbd96ca0a9ec6","pr-15753",0.364,"perennial",,"failed","ci-perennial"
"f339dd6","2022-03-01T10:08:14.529Z","2022-03-01T22:33:18Z",373.92079,"2022-03-01T10:55:52.978Z",481659456,26949,"library:ci-analysis","15753","38582cd20e6234d5fb79ee0a29dd2879c19e6945","f339dd639404e0b0342cc1f7f0ebbd96ca0a9ec6","pr-15753",4.299,"analysis",,"failed","ci-analysis"
"f339dd6","2022-03-01T10:08:14.461Z","2022-03-01T22:33:18Z",748.558698,"2022-03-01T10:55:07.545Z",481659456,26949,"library:ci-iris","15753","38582cd20e6234d5fb79ee0a29dd2879c19e6945","f339dd639404e0b0342cc1f7f0ebbd96ca0a9ec6","pr-15753",0.384,"iris",,"failed","ci-iris"
"f339dd6","2022-03-01T10:08:14.343Z","2022-03-01T22:33:18Z",270.519517,"2022-03-01T11:02:02.918Z",481659456,26949,"library:ci-fcsl_pcm","15753","38582cd20e6234d5fb79ee0a29dd2879c19e6945","f339dd639404e0b0342cc1f7f0ebbd96ca0a9ec6","pr-15753",0.246,"fcsl_pcm",,"failed","ci-fcsl_pcm"
"477a470","2022-02-14T14:36:39.537Z","2022-02-14T18:18:39Z",248.184305,"2022-02-14T15:01:52.659Z",470565101,26721,"plugin:ci-relation_algebra","15679","98f78a7d7017989fa6632155038f9b48e65c56af","477a470b991ebd9dc9510cbe38b63504a6d29584","pr-15679",0.199,"relation_algebra",,"failed","ci-relation_algebra"
"477a470","2022-02-14T14:36:39.464Z","2022-02-14T18:18:39Z",1910.943642,"2022-02-14T15:40:54.863Z",470565101,26721,"plugin:ci-perennial","15679","98f78a7d7017989fa6632155038f9b48e65c56af","477a470b991ebd9dc9510cbe38b63504a6d29584","pr-15679",10.896,"perennial",,"failed","ci-perennial"
"477a470","2022-02-14T14:36:38.595Z","2022-02-14T18:18:39Z",950.933643,"2022-02-14T15:13:34.582Z",470565101,26721,"library:ci-cross_crypto","15679","98f78a7d7017989fa6632155038f9b48e65c56af","477a470b991ebd9dc9510cbe38b63504a6d29584","pr-15679",0.552,"cross_crypto",,"failed","ci-cross_crypto"
"477a470","2022-02-14T14:36:38.426Z","2022-02-14T18:18:39Z",2508.593425,"2022-02-14T15:50:52.249Z",470565101,26721,"library:ci-bedrock2","15679","98f78a7d7017989fa6632155038f9b48e65c56af","477a470b991ebd9dc9510cbe38b63504a6d29584","pr-15679",2.26,"bedrock2",,"failed","ci-bedrock2"
"a5b9f75","2022-02-10T19:34:40.405Z","2022-02-11T11:47:54Z",262.289117,"2022-02-10T20:00:26.397Z",468316919,26650,"library:ci-hott","15662","c671771d7799eab2a7a60d38b56908a6fa55c2ae","a5b9f75418de3422281192ea45b50f5ddf8c5eb0","pr-15662",0.272,"hott",,"failed","ci-hott"
"ae1ae96","2022-02-10T10:07:58.506Z","2022-02-10T17:19:55Z",343.846764,"2022-02-10T10:47:51.063Z",467802722,26631,"library:ci-iris","15657","9039b7cec06e877432fa8aff67f5ddbd332549eb","ae1ae96428e2f3ce1956fedc618f58c124bac760","pr-15657",0.91,"iris",,"failed","ci-iris"
"1c0f6e3","2022-02-09T16:27:55.640Z","2022-02-09T19:43:55Z",263.933246,"2022-02-09T16:53:25.877Z",467230587,26619,"plugin:ci-relation_algebra","15653","9039b7cec06e877432fa8aff67f5ddbd332549eb","1c0f6e383738428af37a1c87fecd44636df93aab","pr-15653",0.274,"relation_algebra",,"failed","ci-relation_algebra"
"1c0f6e3","2022-02-09T16:27:55.590Z","2022-02-09T19:43:55Z",1945.692523,"2022-02-09T17:30:47.786Z",467230587,26619,"plugin:ci-perennial","15653","9039b7cec06e877432fa8aff67f5ddbd332549eb","1c0f6e383738428af37a1c87fecd44636df93aab","pr-15653",9.795,"perennial",,"failed","ci-perennial"
"1c0f6e3","2022-02-09T16:27:55.275Z","2022-02-09T19:43:55Z",378.157674,"2022-02-09T16:55:18.749Z",467230587,26619,"library:ci-hott","15653","9039b7cec06e877432fa8aff67f5ddbd332549eb","1c0f6e383738428af37a1c87fecd44636df93aab","pr-15653",0.18,"hott",,"failed","ci-hott"
"8b7024d","2022-01-20T16:52:26.985Z","2022-01-20T21:17:11Z",216.946773,"2022-01-20T17:15:34.732Z",452739219,26279,"plugin:ci-rewriter","15518","06970e0847a67dbb5ee4185628aa43b44138b797","8b7024d00eea398256ef12599e54f0c85cb9b543","pr-15518",0.117,"rewriter",,"failed","ci-rewriter"
"8b7024d","2022-01-20T16:52:26.930Z","2022-01-20T21:17:11Z",217.966106,"2022-01-20T17:36:46.705Z",452739219,26279,"plugin:ci-quickchick","15518","06970e0847a67dbb5ee4185628aa43b44138b797","8b7024d00eea398256ef12599e54f0c85cb9b543","pr-15518",0.13,"quickchick",,"failed","ci-quickchick"
"8b7024d","2022-01-20T16:52:26.905Z","2022-01-20T21:17:11Z",264.071196,"2022-01-20T17:16:21.844Z",452739219,26279,"plugin:ci-perennial","15518","06970e0847a67dbb5ee4185628aa43b44138b797","8b7024d00eea398256ef12599e54f0c85cb9b543","pr-15518",0.256,"perennial",,"failed","ci-perennial"
"8b7024d","2022-01-20T16:52:26.700Z","2022-01-20T21:17:11Z",211.907722,"2022-01-20T17:21:36.840Z",452739219,26279,"library:ci-vst","15518","06970e0847a67dbb5ee4185628aa43b44138b797","8b7024d00eea398256ef12599e54f0c85cb9b543","pr-15518",0.148,"vst",,"failed","ci-vst"
"8b7024d","2022-01-20T16:52:26.684Z","2022-01-20T21:17:11Z",369.972874,"2022-01-20T17:18:07.614Z",452739219,26279,"library:ci-verdi_raft","15518","06970e0847a67dbb5ee4185628aa43b44138b797","8b7024d00eea398256ef12599e54f0c85cb9b543","pr-15518",0.172,"verdi_raft",,"failed","ci-verdi_raft"
"8b7024d","2022-01-20T16:52:26.670Z","2022-01-20T21:17:11Z",289.021661,"2022-01-20T17:16:46.490Z",452739219,26279,"library:ci-unimath","15518","06970e0847a67dbb5ee4185628aa43b44138b797","8b7024d00eea398256ef12599e54f0c85cb9b543","pr-15518",0.15,"unimath",,"failed","ci-unimath"
"8b7024d","2022-01-20T16:52:26.514Z","2022-01-20T21:17:11Z",232.231036,"2022-01-20T17:21:03.145Z",452739219,26279,"library:ci-math_classes","15518","06970e0847a67dbb5ee4185628aa43b44138b797","8b7024d00eea398256ef12599e54f0c85cb9b543","pr-15518",0.169,"math_classes",,"failed","ci-math_classes"
"8b7024d","2022-01-20T16:52:26.502Z","2022-01-20T21:17:11Z",221.382693,"2022-01-20T17:20:35.666Z",452739219,26279,"library:ci-iris","15518","06970e0847a67dbb5ee4185628aa43b44138b797","8b7024d00eea398256ef12599e54f0c85cb9b543","pr-15518",0.265,"iris",,"failed","ci-iris"
"8b7024d","2022-01-20T16:52:26.477Z","2022-01-20T21:17:11Z",1272.632877,"2022-01-20T17:54:21.170Z",452739219,26279,"library:ci-geocoq","15518","06970e0847a67dbb5ee4185628aa43b44138b797","8b7024d00eea398256ef12599e54f0c85cb9b543","pr-15518",1.084,"geocoq",,"failed","ci-geocoq"
"8b7024d","2022-01-20T16:52:26.369Z","2022-01-20T21:17:11Z",448.427365,"2022-01-20T17:19:24.729Z",452739219,26279,"library:ci-fiat_crypto_legacy","15518","06970e0847a67dbb5ee4185628aa43b44138b797","8b7024d00eea398256ef12599e54f0c85cb9b543","pr-15518",0.465,"fiat_crypto_legacy",,"failed","ci-fiat_crypto_legacy"
"8b7024d","2022-01-20T16:52:26.280Z","2022-01-20T21:17:11Z",233.442877,"2022-01-20T17:37:01.518Z",452739219,26279,"library:ci-coquelicot","15518","06970e0847a67dbb5ee4185628aa43b44138b797","8b7024d00eea398256ef12599e54f0c85cb9b543","pr-15518",0.658,"coquelicot",,"failed","ci-coquelicot"
"8b7024d","2022-01-20T16:52:26.247Z","2022-01-20T21:17:11Z",278.129588,"2022-01-20T17:21:48.698Z",452739219,26279,"library:ci-coqprime","15518","06970e0847a67dbb5ee4185628aa43b44138b797","8b7024d00eea398256ef12599e54f0c85cb9b543","pr-15518",0.488,"coqprime",,"failed","ci-coqprime"
"8b7024d","2022-01-20T16:52:26.183Z","2022-01-20T21:17:11Z",270.538786,"2022-01-20T17:22:35.444Z",452739219,26279,"library:ci-compcert","15518","06970e0847a67dbb5ee4185628aa43b44138b797","8b7024d00eea398256ef12599e54f0c85cb9b543","pr-15518",0.339,"compcert",,"failed","ci-compcert"
"8b7024d","2022-01-20T16:52:26.103Z","2022-01-20T21:17:11Z",215.501948,"2022-01-20T17:15:31.801Z",452739219,26279,"library:ci-bedrock2","15518","06970e0847a67dbb5ee4185628aa43b44138b797","8b7024d00eea398256ef12599e54f0c85cb9b543","pr-15518",0.134,"bedrock2",,"failed","ci-bedrock2"
"8b7024d","2022-01-20T16:52:26.015Z","2022-01-20T21:17:11Z",245.043346,"2022-01-20T17:16:12.074Z",452739219,26279,"library:ci-argosy","15518","06970e0847a67dbb5ee4185628aa43b44138b797","8b7024d00eea398256ef12599e54f0c85cb9b543","pr-15518",0.714,"argosy",,"failed","ci-argosy"
"3238a7a","2022-01-18T10:57:40.181Z","2022-01-18T13:13:16Z",2160.70335,"2022-01-18T11:33:42.163Z",450259414,26225,"library:ci-vst","15501","d5e61b297615a8c63f1f56a1f8c992ad2b38a11d","3238a7a1b9de80fb46d95e5ebda717f3661e8599","pr-15501",0.989,"vst",,"failed","ci-vst"
"3238a7a","2022-01-18T10:55:47.955Z","2022-01-18T13:13:16Z",798.880533,"2022-01-18T11:09:07.442Z",450259414,26225,"library:ci-color","15501","d5e61b297615a8c63f1f56a1f8c992ad2b38a11d","3238a7a1b9de80fb46d95e5ebda717f3661e8599","pr-15501",1.399,"color",,"failed","ci-color"
"3238a7a","2022-01-18T10:26:46.998Z","2022-01-18T13:13:16Z",226.096522,"2022-01-18T10:54:26.745Z",450259414,26225,"plugin:ci-rewriter","15501","d5e61b297615a8c63f1f56a1f8c992ad2b38a11d","3238a7a1b9de80fb46d95e5ebda717f3661e8599","pr-15501",0.382,"rewriter",,"failed","ci-rewriter"
"3238a7a","2022-01-18T10:26:46.846Z","2022-01-18T13:13:16Z",328.831769,"2022-01-18T10:53:26.943Z",450259414,26225,"plugin:ci-itauto","15501","d5e61b297615a8c63f1f56a1f8c992ad2b38a11d","3238a7a1b9de80fb46d95e5ebda717f3661e8599","pr-15501",0.346,"itauto",,"failed","ci-itauto"
"3238a7a","2022-01-18T10:26:46.802Z","2022-01-18T13:13:16Z",382.299893,"2022-01-18T10:57:02.497Z",450259414,26225,"library:ci-verdi_raft","15501","d5e61b297615a8c63f1f56a1f8c992ad2b38a11d","3238a7a1b9de80fb46d95e5ebda717f3661e8599","pr-15501",0.193,"verdi_raft",,"failed","ci-verdi_raft"
"3238a7a","2022-01-18T10:26:46.655Z","2022-01-18T13:13:16Z",302.062432,"2022-01-18T11:02:32.165Z",450259414,26225,"plugin:ci-gappa","15501","d5e61b297615a8c63f1f56a1f8c992ad2b38a11d","3238a7a1b9de80fb46d95e5ebda717f3661e8599","pr-15501",0.484,"gappa",,"failed","ci-gappa"
"3238a7a","2022-01-18T10:26:46.512Z","2022-01-18T13:13:16Z",331.325838,"2022-01-18T10:56:10.894Z",450259414,26225,"library:ci-fiat_crypto_legacy","15501","d5e61b297615a8c63f1f56a1f8c992ad2b38a11d","3238a7a1b9de80fb46d95e5ebda717f3661e8599","pr-15501",0.171,"fiat_crypto_legacy",,"failed","ci-fiat_crypto_legacy"
"3238a7a","2022-01-18T10:26:46.315Z","2022-01-18T13:13:16Z",2419.209896,"2022-01-18T11:30:58.302Z",450259414,26225,"library:ci-bedrock2","15501","d5e61b297615a8c63f1f56a1f8c992ad2b38a11d","3238a7a1b9de80fb46d95e5ebda717f3661e8599","pr-15501",0.123,"bedrock2",,"failed","ci-bedrock2"
"3238a7a","2022-01-18T10:26:46.303Z","2022-01-18T13:13:16Z",197.092755,"2022-01-18T10:51:14.654Z",450259414,26225,"library:ci-bbv","15501","d5e61b297615a8c63f1f56a1f8c992ad2b38a11d","3238a7a1b9de80fb46d95e5ebda717f3661e8599","pr-15501",0.095,"bbv",,"failed","ci-bbv"
"a54ac4d","2022-01-12T14:45:51.540Z","2022-01-13T10:36:47Z",297.47549,"2022-01-12T15:20:09.945Z",446559265,26096,"plugin:ci-perennial","15469","8e2d0caa8cfaa9e4dae6a69480bad3b823adc3aa","a54ac4da1d003f8ca5b092d0c4a1d4987dfa1a7b","pr-15469",0.219,"perennial",,"failed","ci-perennial"
"a54ac4d","2022-01-12T14:45:51.274Z","2022-01-13T10:36:47Z",379.720342,"2022-01-12T15:24:46.436Z",446559265,26096,"library:ci-iris","15469","8e2d0caa8cfaa9e4dae6a69480bad3b823adc3aa","a54ac4da1d003f8ca5b092d0c4a1d4987dfa1a7b","pr-15469",0.259,"iris",,"failed","ci-iris"
"4046e05","2022-01-12T11:52:53.379Z","2022-01-12T14:43:05Z",532.833296,"2022-01-12T12:13:45.993Z",446408481,26093,"library:ci-hott","15466","fe4f979a5bee0da294a56d58aa301f3fc6a13a9d","4046e05312685407c708137ae51123def9690e75","pr-15466",0.564,"hott",,"failed","ci-hott"
"17cdbdd","2022-01-11T19:39:58.302Z","2022-01-12T09:40:11Z",1694.025888,"2022-01-11T20:42:02.249Z",445922731,26087,"library:ci-iris","15466","a27e64a03b6ec00a7d35d2849d98571ddc5008a9","17cdbdd22058ad009d5fe267e30197c243b78ecc","pr-15466",12.921,"iris",,"failed","ci-iris"
"ce0d3d4","2022-01-03T14:08:22.392Z","2022-01-03T17:49:20Z",443.457684,"2022-01-03T14:45:36.079Z",440488634,25940,"library:ci-bedrock2","15426","777ff858a18144c69edabda2e79e5a504ddf957a","ce0d3d4016043f90555291a34e9d12f65d8189e4","pr-15426",26.506,"bedrock2",,"failed","ci-bedrock2"
"5674313","2021-12-24T16:39:30.616Z","2021-12-25T11:36:55Z",964.789063,"2021-12-24T17:32:26.815Z",436513470,25895,"library:ci-color","15400","40db45fdd5826f02309ba781f5ee7c842fcf970e","56743132fb7deaaab040479a722aa07082718874","pr-15400",1.018,"color",,"failed","ci-color"
"6ef1a75","2021-12-20T18:44:46.793Z","2021-12-21T10:31:15Z",242.295144,"2021-12-20T19:19:11.001Z",433556959,25868,"plugin:ci-perennial","15390","f41cfe2a60c3d23e09d6c671f9297853c2b5949f","6ef1a752d4185f580578f19f9deff47f5ed81b60","pr-15390",0.392,"perennial",,"failed","ci-perennial"
"6ef1a75","2021-12-20T18:44:46.540Z","2021-12-21T10:31:15Z",227.019337,"2021-12-20T19:23:11.033Z",433556959,25868,"library:ci-iris","15390","f41cfe2a60c3d23e09d6c671f9297853c2b5949f","6ef1a752d4185f580578f19f9deff47f5ed81b60","pr-15390",0.341,"iris",,"failed","ci-iris"
"a771fd3","2021-12-17T10:23:28.106Z","2021-12-17T14:27:39Z",213.328258,"2021-12-17T10:56:51.325Z",431780574,25833,"library:ci-category_theory","14137","965e6356f6b62e1940c392a5f066965f9e8e3dd8","a771fd38f7e2c56bb5a40c82ee4be61920e49c92","pr-14137",0.26,"category_theory",,"failed","ci-category_theory"
"ccd2e43","2021-12-16T16:40:15.443Z","2021-12-16T19:23:51Z",188.79895,"2021-12-16T17:03:51.649Z",431272852,25819,"library:ci-category_theory","15274","3968160ef1f2ce03b77592e0e1a18527503c1325","ccd2e43aa0838b59c2d946d99f5095bcad31cb6d","pr-15274",0.213,"category_theory",,"failed","ci-category_theory"
"fed3099","2021-12-03T13:25:00.915Z","2021-12-03T17:25:58Z",1933.988307,"2021-12-03T14:34:02.270Z",421966128,25560,"library:ci-vst","11966","0af6f10852d453fc0d38410e4f8b9ea24fd3107d","fed3099899e709c1a3455aaee80e2b69b3024f96","pr-11966",1.011,"vst",,"failed","ci-vst"
"42361c6","2021-11-11T17:49:35.926Z","2021-11-12T11:13:07Z",228.038238,"2021-11-11T18:22:43.605Z",407242114,25218,"plugin:ci-perennial","15171","8cd67a3976050f20e77f5c033d09f8da70d5a49f","42361c68b2285064c0001dc36b0eee6c03aefed7","pr-15171",0.237,"perennial",,"failed","ci-perennial"
"42361c6","2021-11-11T17:49:35.728Z","2021-11-12T11:13:07Z",2636.141333,"2021-11-11T19:08:57.588Z",407242114,25218,"library:ci-vst","15171","8cd67a3976050f20e77f5c033d09f8da70d5a49f","42361c68b2285064c0001dc36b0eee6c03aefed7","pr-15171",10.944,"vst",,"failed","ci-vst"
"42361c6","2021-11-11T17:49:35.400Z","2021-11-12T11:13:07Z",221.544159,"2021-11-11T18:25:51.256Z",407242114,25218,"library:ci-iris","15171","8cd67a3976050f20e77f5c033d09f8da70d5a49f","42361c68b2285064c0001dc36b0eee6c03aefed7","pr-15171",0.21,"iris",,"failed","ci-iris"
"42361c6","2021-11-11T17:49:35.379Z","2021-11-12T11:13:07Z",549.184039,"2021-11-11T18:18:38.050Z",407242114,25218,"library:ci-hott","15171","8cd67a3976050f20e77f5c033d09f8da70d5a49f","42361c68b2285064c0001dc36b0eee6c03aefed7","pr-15171",0.45,"hott",,"failed","ci-hott"
"42361c6","2021-11-11T17:49:35.164Z","2021-11-12T11:13:07Z",294.743644,"2021-11-11T18:38:08.065Z",407242114,25218,"library:ci-fiat_crypto","15171","8cd67a3976050f20e77f5c033d09f8da70d5a49f","42361c68b2285064c0001dc36b0eee6c03aefed7","pr-15171",0.151,"fiat_crypto",,"failed","ci-fiat_crypto"
"42361c6","2021-11-11T17:49:34.905Z","2021-11-12T11:13:07Z",227.650605,"2021-11-11T18:22:42.632Z",407242114,25218,"library:ci-bedrock2","15171","8cd67a3976050f20e77f5c033d09f8da70d5a49f","42361c68b2285064c0001dc36b0eee6c03aefed7","pr-15171",0.131,"bedrock2",,"failed","ci-bedrock2"
"61ae10a","2021-11-05T17:15:06.988Z","2021-11-06T00:58:32Z",217.480629,"2021-11-05T17:39:20.729Z",403133953,25099,"plugin:ci-fiat_parsers","15128","0e663cc0d89ef05d5396a244eb4fb23181fc9d78","61ae10a24d46312e26aec1cf76327e1f1c6c20b1","pr-15128",0.331,"fiat_parsers",,"failed","ci-fiat_parsers"
"61ae10a","2021-11-05T17:15:06.787Z","2021-11-06T00:58:32Z",448.194017,"2021-11-05T17:43:10.905Z",403133953,25099,"library:ci-hott","15128","0e663cc0d89ef05d5396a244eb4fb23181fc9d78","61ae10a24d46312e26aec1cf76327e1f1c6c20b1","pr-15128",0.56,"hott",,"failed","ci-hott"
"61ae10a","2021-11-05T17:15:06.713Z","2021-11-06T00:58:32Z",328.221998,"2021-11-05T17:50:38.442Z",403133953,25099,"library:ci-flocq","15128","0e663cc0d89ef05d5396a244eb4fb23181fc9d78","61ae10a24d46312e26aec1cf76327e1f1c6c20b1","pr-15128",0.458,"flocq",,"failed","ci-flocq"
"61ae10a","2021-11-05T17:15:06.691Z","2021-11-06T00:58:32Z",401.30189,"2021-11-05T17:51:51.470Z",403133953,25099,"library:ci-fiat_crypto_legacy","15128","0e663cc0d89ef05d5396a244eb4fb23181fc9d78","61ae10a24d46312e26aec1cf76327e1f1c6c20b1","pr-15128",0.225,"fiat_crypto_legacy",,"failed","ci-fiat_crypto_legacy"
"a204ec2","2021-11-05T12:31:15.272Z","2021-11-05T16:13:21Z",436.542115,"2021-11-05T13:09:42.571Z",402913568,25089,"library:ci-mathcomp","15121","0e663cc0d89ef05d5396a244eb4fb23181fc9d78","a204ec2973fe07412221ea67cdf87b28d5b60922","pr-15121",0.332,"mathcomp",,"failed","ci-mathcomp"
"2eb1bd1","2021-11-04T15:31:56.436Z","2021-11-04T18:12:29Z",429.573537,"2021-11-04T16:00:08.094Z",402116356,25066,"library:ci-cross_crypto","14736","95e359b5cbc4003a9166d1b8eb6a6eff849e6fb1","2eb1bd132dbbf895b86ee17bb2548f97cd3f0b5b","pr-14736",1.126,"cross_crypto",,"failed","ci-cross_crypto"
"ab28761","2021-11-04T07:38:09.753Z","2021-11-05T01:23:34Z",524.214514,"2021-11-04T08:07:37.803Z",401705448,25058,"library:ci-hott","14746","ba27ca7bb962166955d857fcdab53dc55ac5e699","ab287613ff0fe6de2a85cee9ece4aec67fae9ff8","pr-14746",0.253,"hott",,"failed","ci-hott"
"6abb8b3","2021-11-02T17:49:45.692Z","2021-11-02T20:56:49Z",244.06514,"2021-11-02T18:24:13.607Z",400547420,25031,"library:ci-menhir","15088","13b2d8930c9a7bb23ce313f94995ccf18436cdd4","6abb8b3ad924a7a781d5ff3ad06839f848cebca1","pr-15088",1.134,"menhir",,"failed","ci-menhir"
"9b18fa8","2021-11-01T13:41:47.116Z","2021-11-02T03:47:08Z",238.928171,"2021-11-01T14:35:36.068Z",399560046,25012,"library:ci-fcsl_pcm","14727","13b2d8930c9a7bb23ce313f94995ccf18436cdd4","9b18fa82c56dde3ea1247fbd2dc438d32c412596","pr-14727",0.159,"fcsl_pcm",,"failed","ci-fcsl_pcm"
"84f1715","2021-10-27T06:31:50.859Z","2021-10-31T02:18:43Z",700.831819,"2021-10-27T07:15:18.084Z",396281150,24942,"library:ci-mathcomp","14733","e9c122360362d12a06897d038450544ad3efdc1f","84f171539ebe97fbfe7cee4066e62181edf68bac","pr-14733",1.734,"mathcomp",,"failed","ci-mathcomp"
"3f28f2b","2021-10-22T15:41:05.529Z","2021-10-22T18:26:25Z",439.986991,"2021-10-22T16:09:48.078Z",393723651,24875,"library:ci-hott","14929","11173ba6458384f63b862f179c62b4d2b92065f4","3f28f2b91006e217c1b5e6b089ad4c2d9207ff19","pr-14929",0.513,"hott",,"failed","ci-hott"
